box-img href,box-img src,name,level,detail,date,description,refcount
https://www.books.com.tw/booksComment/memberComment/N5LcCtItLQ,https://www.books.com.tw/csss/myacc/images/member-avatar-def.png,大師兄,Lv.1,5,2026/03/28,我覺得本書是提升人際關係的寶典，也是突破我工作業務關卡的重要關鍵，推薦給全天下所有人都要看的一本書。,0
https://www.books.com.tw/booksComment/memberComment/IKEwiJt08K,https://www.books.com.tw/csss/myacc/images/member-avatar-def.png,Fang,Lv.6,5,2026/03/14,阿德勒心理學是以目的論(現在)，而非決定論(過去)的角度去探討人生課題，不是一昧追究過去怎麼了，而是透過理解當下行為的目的，並決定未來該怎麼辦。想得到自由與幸福，就得做到自立(課題分離:不要在意別人的眼光及評價)及擁有社會意識(接納自我、信任他人、貢獻他人)，人之所以無法前進，往往只是缺乏改變現有生活型態的勇氣而已。-----本書深入淺出的介紹阿德勒的思想，適合讀者理解、消化，靜下心來與自己對話，思考及調整自己的人生。,1
https://www.books.com.tw/booksComment/memberComment/iDccNbfcyb,https://www.books.com.tw/csss/myacc/images/member-avatar-def.png,橘子,Lv.2,5,2026/03/02,這本書教導我們不必為了討好他人而活，應專注於自己能控制的當下，別在乎別人的眼光，即使你做到自認的完美，還是會有人認為你不夠好，人際煩惱根源在於「渴求認同」，真正的自由是接納平凡、擁有被討厭的勇氣，從而主動選擇幸福。,1
https://www.books.com.tw/booksComment/memberComment/n4rnbQu0ZN,https://www.books.com.tw/csss/myacc/images/member-avatar-def.png,vivi,Lv.2,5,2026/01/08,《被討厭的勇氣》以阿德勒心理學為核心，提出「課題分離」與「選擇自己的人生」的觀點，顛覆我對人際關係的想像。書中指出，很多痛苦來自過度在意他人眼光，試圖滿足所有人，反而失去自我。真正的自由，是即使被討厭，也願意為自己的價值負責。閱讀後，我開始反思自己在人際互動中的討好行為，學著區分哪些是自己的課題、哪些不必承擔。這本書讓我明白，被討厭並不等於被否定，而是選擇忠於自己的必然結果，也是一種走向成熟與自信的勇氣。,1
https://www.books.com.tw/booksComment/memberComment/xxx3460072,https://www.books.com.tw/csss/myacc/images/member-avatar-def.png,仔仔,Lv.4,5,2026/01/06,十多年前大紅大紫的暢銷書，十多年後我也入手了當年這本書暢銷的盛況我依然記憶深刻，當時只有借來翻閱過然而經過了歲月洗禮後，十多年了我又想起這本書，並且收藏了它！這是一本能夠歷經時間考驗的好書,0
https://www.books.com.tw/booksComment/memberComment/BoexrpFu2q,https://im2.book.com.tw/image/getImage?i=https://addons.books.com.tw/G/ADbanner/booksCommentAvatar/avatars_160x160_b1.png&v=6614ae56k&w=80&h=80,栗子菇,Lv.4,4.5,2025/11/21,第一次對這本書的印象，是在我新買的書裡面的夾頁，一張介紹暢銷書與新書的DM。那時候我透過這張DM簡單的了解一下這本書的微介紹。當時我看到，阿德勒提出「所有的煩惱都是人際關係的煩惱」以及「目的論」。阿德勒否認所謂過去決定未來的看法，他認為創傷並不存在，你現在是什麼樣子，跟過去發生什麼沒有關係。阿德勒心理學就如同本書作者岸見一郎所言，大部分的人覺得阿德勒的思想雖然用字遣詞並不艱深，但他的觀點幾乎是與一般人所想的不一樣。這就好像從「知道」到「做到」之間橫跨著很多座山，要應用在現實生活非常的需要練習。這本書使用對話的形式，由哲學家與年輕人展開各自觀點的討論過程，少了小說中會有的描述場景、敘述心境等等的文字篇幅，透過年輕人與哲學家一來一往的對談，緊湊的內容，會讓人不自覺就一直想往下看。有時覺得自己就像年輕人那樣會有質疑與不解，有時又能理解哲學家的說法。書中年輕人的人設，是個缺乏自信，有著自卑感，認為自己不夠好，覺得人活著就是要獲得別人的認同才有價值，這樣的角色設定像是濃縮了現在的人或多或少都曾有過的想法，哲學家則運用了阿德勒的觀點，透過與年輕人的對話，引導年輕人找出目前生活困境的答案，彷彿也在帶領讀者找到自己人生裡的解答。—「好像你正透過太陽眼鏡在看這個世界，當然會覺得看到的一切都很昏暗。既然如此，你可以不用感嘆這個世界有多黑暗，只要摘下太陽眼鏡就行了。」,2
https://www.books.com.tw/booksComment/memberComment/xxx5449236,https://www.books.com.tw/csss/myacc/images/member-avatar-def.png,愛紙本書人,Lv.7,3,2025/10/31,簡單認為人性是不完美→不滿足→不接受→自卑；卻沒看到人類的真正發展進程是不夠完美→接受事實→努力改變→成功自信,2
https://www.books.com.tw/booksComment/memberComment/xxx5449236,https://www.books.com.tw/csss/myacc/images/member-avatar-def.png,愛紙本書人,Lv.7,3,2025/10/31,簡單認為人性是不完美→不滿足→不接受→自卑；卻沒看到人類的真正發展進程是不夠完美→接受事實→努力改變→成功自信,1
https://www.books.com.tw/booksComment/memberComment/WZq5Ah84Es,https://www.books.com.tw/csss/myacc/images/member-avatar-def.png,Annjoy,Lv.6,4.5,2025/10/25,這本書看似勵志，實則一記當頭棒喝。以對談形式講阿德勒心理學，讓人重新思考「幸福」與「他人眼光」的關係。讀的過程中會不斷被戳痛——原來我們害怕被討厭，其實是害怕失去控制。它不教你變強，而是教你放下：不迎合、不討好，選擇自己的生活。書關上後，你可能還做不到完全自由，但會開始學著不再為別人的期待活。,0
https://www.books.com.tw/booksComment/memberComment/awbWOS2IcJ,https://www.books.com.tw/csss/myacc/images/member-avatar-def.png,小書僮,Lv.2,5,2025/09/28,阿德勒心理學猶如灌頂心法貫通任督二脈在人際關係的領域裡是必修的課程還未習得真髓前他人即地獄建議各位不要猶豫阿德勒心理學將引領你擺脫束縛枷鎖,0
https://www.books.com.tw/booksComment/memberComment/xxx3454814,https://www.books.com.tw/csss/myacc/images/member-avatar-def.png,cys,Lv.5,5,2025/09/20,"第一次閱讀有關""阿德勒心理學""的書籍,深深被這本書的內容吸引!全書採用對話的方式完成,深入淺出,解釋清晰易懂.書本裡對於常看見的概念都有很生動的說明和例子,像是: 課題分離,存在即價值,實現式人生,真正的自由...推薦給想要擁有更幸福人生的朋友!",0
https://www.books.com.tw/booksComment/memberComment/xxx3449150,https://www.books.com.tw/csss/myacc/images/member-avatar-def.png,樂樂,Lv.3,5,2025/08/03,好久之前讀的書，書裡談到的課題分離對我來說還是非常受用。身為一個高敏感人，很容易覺察到他人的情緒，以前常發現別人有情緒時常會下意識的質問自己是否說錯話使對方感到不開心，而一直陷入糾結和自責之中。課題分離之後，他人的情緒歸他人的情緒，再也不要再把它攬到自己身上。,6
https://www.books.com.tw/booksComment/memberComment/AaOTethExg,https://www.books.com.tw/csss/myacc/images/member-avatar-def.png,kate_reading_note,Lv.2,5,2025/07/25,這不是一本教你如何當個「更受歡迎的人」的書。相反地，它甚至可能讓你變得沒那麼討喜——但更真實。這本書以一來一往的對話形式展開，猶如2500年前蘇格拉底式對話，從提問與思考之中得出自己的智慧，透由哲學家與年輕人的討論，沒有艱澀的理論，有的是一連串貼近生活的叩問：你為什麼總是在意別人的眼光？為什麼總是活得綁手綁腳？你真的有勇氣，為自己而活嗎？我喜歡它把「自由」和「責任」這件事講得這麼直白卻真誠。什麼是課題分離？簡單說，就是把「別人的人生交還給別人」，你只需要為自己的人生負責。說起來容易，做起來很難，但一旦練習久了，真的會輕盈很多。書裡沒有大聲鼓吹「你就是最棒的」，也不會告訴你怎麼當個更圓融、更好相處的人。它的意思比較像是：「你可以選擇忠於你自己，即使因此不被所有人喜歡。」這樣的訊息，在這個強調人際和諧與成就的社會裡，其實非常難得。也可能讓人不太舒服。但正因如此，它相當值得一讀——甚至重讀。推薦這本書，給正在懷疑自己、也許總想討好所有人、又不甘心這樣過一輩子的你。不是為了改變什麼，而是為了開始更清楚地看見：你，其實一直都有選擇的勇氣。,5
https://www.books.com.tw/booksComment/memberComment/FSRRMTaz8X,https://www.books.com.tw/csss/myacc/images/member-avatar-def.png,Halsey,Lv.1,5,2025/05/27,剛收到媽媽從台灣寄到加拿大來給我，讀差不多一半，感到『我怎麼會到這個時候才讀它！』讀的同時，腦海裡浮現許多人的面孔，讓我了解到『對！他們就是這樣的人』及往後我該用什麼樣的態度，說話方式與他們相處。非常值得推薦！,3
https://www.books.com.tw/booksComment/memberComment/xxx5450884,https://im2.book.com.tw/image/getImage?i=https://addons.books.com.tw/G/ADbanner/booksCommentAvatar/avatars_160x160_readingDay_A.png&v=661e1e7dk&w=80&h=80,田羽心,Lv.6,3.5,2025/05/12,看似心靈雞湯，但是狠狠的點醒夢中人，不願意改變，只想坐守在舒適圈安逸度日，藉故推託怪罪，不如即刻動念，客觀事實無法改變，就只能藉由轉化主觀感受詮釋。藉由哲學家與年輕人的對話，緩和了說教傳道的口氣，在辯證的過程中，曾幾何時我們也成為年輕人不斷質疑大師開示的種種疑點，哲學家循循善誘、娓娓道來，既沒有先入為主的想法，更沒有宗教洗腦的灌入，是可以確實激發內心改變的動力的一部作品。在人生不同階段，可能生理或心理受傷生病時，可以稍稍有多元的思考供參。,4
https://www.books.com.tw/booksComment/memberComment/4rDIo7bY9z,https://im2.book.com.tw/image/getImage?i=https://addons.books.com.tw/G/ADbanner/2024/01/person_05g.png&v=65a0fdcek&w=80&h=80,荌芝,Lv.2,5,2025/04/29,第一次接觸阿德勒心理學，書中的「活在當下」讓我聯想到禪修中的正念，兩者皆著重於擺脫過去和未來的束縛，專注當下。此外，「目的論」與「課題分離」不僅與我的生活哲學契合，更以系統性的方式幫助我理清思路。書中提出了許多顛覆傳統社會價值觀的理論，即使未必所有人會全然認同阿德勒心理學，我認為仍值得以開放的態度去了解，從中定能獲得啟發。,3
https://www.books.com.tw/booksComment/memberComment/cvo39S3cuX,https://www.books.com.tw/csss/myacc/images/member-avatar-def.png,波波夫妮,Lv.6,4,2025/04/09,用對話的方式來解釋阿德勒，讓人覺得是一個簡單明瞭的作法，同時也不會顯得枯燥乏味，太多的學術內容與解說，會使人頭昏腦脹，無法記得太多資訊。不需要花太多時間就能解決一本書，同時也能吸收到書中知識，蠻不錯的！輕鬆易懂，是一本心理學派的入門書，如果想要多瞭解，自然可以再深入研究其他相關書籍。而也透過這本書瞭解了！原來有些煩惱只需要課題分離，就能解決，就不會讓自己焦躁在有些無謂的地方、蠻不錯的！,2
https://www.books.com.tw/booksComment/memberComment/i1WQCWBrOv,https://www.books.com.tw/csss/myacc/images/member-avatar-def.png,來去一陣風,Lv.1,1,2025/04/04,以前讀的時候，覺得哇，說得好有道理，但年紀大了之後，經歷過更多事，目的論這個說法，我是覺得禁不起驗證，課題分離的部分依然是很值得取用的，但這本書只有比較表層的談了一些而已，讀完內容可以大概的、依樣畫葫蘆的做，但不會知道為何而做。,5
https://www.books.com.tw/booksComment/memberComment/SHgxzHVllK,https://www.books.com.tw/csss/myacc/images/member-avatar-def.png,塔妮雅,Lv.6,5,2025/03/25,自從在閱讀過程中，發現自己有嚴重的「討好型人格」後，就覺得得要找時間，好好拜讀一下，岸見一郎和古賀史健所合著的《被討厭的勇氣》。岸見一郎是日本的哲學家。除了專攻西洋古代哲學外，也研究阿德勒心理學，同時也是日本阿德勒心理學會認定的諮商師與顧問。《被討厭的勇氣》透過哲學家與年輕人的對話，以阿德勒心理學的角度，探討大量的哲學議題。以下與大家分享，書中的三個核心概念：❤️阿德勒心理學～目的論阿德勒與佛洛伊德、榮格，同為心理學三巨頭之一，但鮮少被人提及。阿德勒出生於維也納，是一位醫師、心理學家、兒童教育家，也是「個體心理學」的創始人。眾所周知的佛洛伊德，主張「決定論」，認為人會受到過去經驗的影響，讓生命顯得窒礙困難。也就是過去所發生的事情，決定了現在和未來的自己，而且無法改變。相反地，阿德勒否定心理創傷的論點，他相信，人的一切行為都有目的。人們是因為先有「目的」，而決定現在的行為。比如：人們會因為想要生氣，而找到適當發洩情緒的人。因為，憤怒其實是可以收放自如的「工具」。像母親正在罵孩子時，若接到學校老師的電話，媽媽的聲音，立刻就變得溫和而有禮貌。而在掛完電話後，媽媽立刻又變臉，繼續罵孩子。阿德勒主張「人是可以改變的」，他認為，決定自我的不是「經驗本身」，而是「賦予經驗的意義」。他並不否定過去事實對人格的影響，而是同樣發生某些事件，未必都會有相同的結果。問題不在「經歷過什麼事」，而是你「如何去解釋它」。在他的眼中，佛洛伊德式的決定論，是變相的宿命論。❤️你的不幸，是自己「選」的！「你在人生中的某個階段選擇了『不幸』。不是因為你身在不幸的環境中，也不是因為你陷入不幸的狀況，是因為你判斷這種『不幸』對自己是一種『善』」「所有的不幸都是自找的！」這怎麼可能？「『不幸』對自己是一種『善』」，這更難理解了！只要是有理智的人，都會選擇幸福的生活啊！原來，阿德勒認為，只要重新選擇生活型態，人生就能改變。然而，人之所以無法改變，是因為自己不斷去決定，不改變自己的生活型態。究其原因，是因為維持現狀比較輕鬆，也比較安心。人之所以不幸，並不是過去過環境造成的，而是因為缺乏「變得幸福的勇氣」。無論你之前的人生，發生過什麼事，這些事情，對於將來要怎麼過，沒有任何的影響！因為，決定人生的是活在「當下」的自己。閱讀這部分時，我一直想到《與成功有約》中的第一個習慣～積極主動。也讓我聯想到一個故事，同樣是在貧民窟出生的雙胞胎，長大後，一個變成罪犯，一個變成富豪。光是這個例子，就足以證明，決定未來的不是過去，而是自己怎麼看待過去。❤️課題分離～擁有被討厭的勇氣「介入他人的課題，還有揹負他人的課題，會讓自己的人生變得沉重又辛苦。如果你的人生正面臨著苦惱，這樣的苦惱必然是來自於人際關係。所以首先，你必須清楚知道『從這裡開始，就不是我的課題了』，然後把他人的課題切割、捨棄。這就是讓人生卸下重擔、變得單純的第一步。」阿德勒認為，所有的煩惱都來自於人際關係。人們因為想要追求他人的認同，於是讓自己的自由和行為受限。到最後，讓自己過上的，就是別人的人生。從根本上來看，我們不應該為了滿足他人的期望而活。相同的，別人也不是為了滿足我們的期望而活的。這並不是要你不顧別人的感受，以自我為中心，而是要學會「課題分離」。正如同你可以把馬牽到河邊，但無法逼它喝水一樣。又如讀書是孩子的課題，應該由孩子自己來做。父母若是強迫孩子讀書，就是干涉了孩子的課題，於是就會產生衝突。此時，父母可能會說，自己是為了孩子著想，才要他們好好用功讀書的。但事實是，父母為了達到，讓自己有面子這個目的，才去逼迫孩子讀書的！但這也不是要父母完全不理孩子，而是父母只在孩子需要的時候，提供協助即可。我們若是學會，不去干涉別人的課題，就不會產生人際紛爭。至於要如何區別是誰的課題，方法就是想想：「這個決定帶來的結果，最後會由誰來承受？」。當你設法強迫他人改變，只會引起更強烈的反彈。因為，只有自己可以改變自己！這裡的論述，讓我想到前兩年，孩子進入小學後的狀態。當時，孩子有著嚴重拖延症，無論我再怎麼威脅逼迫，功課就是寫得又慢又醜，讓我感到身心俱疲！然而，在她進入三年級，換了導師之後，作業竟然寫得又快又好。究其原因，在於她自己想要改變。結論是，如果我們能夠做到課題分離，就不會在意別人的眼光，更不需要追求別人的認同，煩惱也就消失了！但要想做到這一點，進而獲得自由，就必須要擁有「被討厭的勇氣」。💕寫在最後「有人討厭你，那真是你心思自由、讓自己生活自在的證據，是依照自己的生活方針過日子的標記」什麼？多年以來，我心中所求的信念，就是不被別人討厭，難怪會感到自己，過得如此憋屈！原來，要有人討厭自己，才是活得自在的證據啊！正如書中所提到的，擁有「被討厭的勇氣」，不僅是對他人期待的放下，更是對自我的解放。透過改變自我對過去的解讀，我們可以重新選擇人生的方向，並勇敢地走出他人期待的框架。這樣的態度，使我們能更真實地生活，擁抱自己的獨特性，最終達到心靈的自由！讀懂阿德勒心理學之後，眼中的世界，會變得完全不一樣。就像近視多年的人，第一次戴上眼鏡後產生的震撼那樣。原本看不清楚的世界，突然變得鮮明又清晰！＃塔妮雅閱讀＃2025年第21本本文第一次刊登於 Readmoo閱讀最前線,2
https://www.books.com.tw/booksComment/memberComment/4ES1mb8hMU,https://www.books.com.tw/csss/myacc/images/member-avatar-def.png,4ES1mb8hMU,Lv.1,5,2025/03/21,剛好在一份工作結束時閱讀這本書。換個思考方向真的差很多。我的個性屬於盡可能與人相處融洽，不要做太絕。看了這本書重新問自己真正的想法，覺得豁然開朗。不是自己做得不好而被人討厭，是本來就有討厭你的人，無論你再好。還有最重要的是勇氣，其實面對任何事情，只要你有勇氣承擔未來可能發生的這個後果，其實沒有人能攔你。人們常常因為社會的框架導致自己為了符合社會期望綁手綁腳，甚至過了他人期望的人生。人生的每一個選擇，都需要勇氣承擔後果。我覺得即使被討厭，只要問心無愧就好，自己的人生只有自己能過。,1
https://www.books.com.tw/booksComment/memberComment/xxx5447763,https://www.books.com.tw/csss/myacc/images/member-avatar-def.png,流星迷,Lv.5,5,2025/03/06,這本書透過哲人與青年的對話，慢慢帶領讀者認識阿德勒心理學，書中舉的例子貼近日常生活，書寫的語氣溫和，平易近人,1
https://www.books.com.tw/booksComment/memberComment/xxx5447474,https://www.books.com.tw/csss/myacc/images/member-avatar-def.png,莉莉普特,Lv.5,4.5,2025/02/28,霸佔暢銷書排行榜第一很久的一本書，算是那幾年大家一起追循的心理導師。有點懷疑網紅經濟是在那之後大行其道的，不要求大家的喜歡只要求特立獨行獲得利益，是一種誤讀吧。科科。。,1
https://www.books.com.tw/booksComment/memberComment/xxx4442111,https://www.books.com.tw/csss/myacc/images/member-avatar-def.png,宇宙,Lv.4,5,2025/02/10,《被討厭的勇氣》自出版以來引發了巨大的關注與爭議。有人稱它是一部改變人生的啟示，也有人批評它過於武斷，甚至覺得它在「教人自私」。但這些反感與批評，常常是因為讀者執著於書中字面的表達，而忽略了它背後深刻的核心：如何擺脫對他人評價的依賴，回歸自己的生活目標，活出真正的自由與意義。本書核心：不為他人而活，也不控制他人書中以哲學家的「課題分離」概念為基石，提出了一個革命性的觀點：我們不需要為他人的期待和評價負責，因為那是他人的課題，而非我們的責任。同時，我們也無權干涉他人的選擇，因為每個人都是獨立的個體。真正的自由不是反抗他人，而是擺脫束縛內心的枷鎖。你可以接受自己「被討厭」，不再為取悅他人而活，從而專注於自己的人生目標，找到屬於自己的價值。這些觀念可能會讓人誤解成一種冷漠或武斷的態度，但書中強調：課題分離的前提是尊重與愛。 我們不干涉他人的課題，不是因為自私，而是因為真正的愛與尊重，來自於對他人獨立性的承認。正是這種尊重，讓人際關係變得更加輕鬆與真誠。活出自由的第一步：打破過去的枷鎖書中還挑戰了我們對過去的執著觀念。許多人認為，過去的經歷塑造了現在的自己，因此無法改變。但哲學家用阿德勒的「目的論」反駁這種「因果論」：我們的行為並非被過去決定，而是被我們對未來目標的選擇所驅動。這並不是否定過去的影響，而是告訴我們：無論過去發生過什麼，你仍然擁有當下的自由，去選擇未來的人生方向。你無需回頭改變過去，只需改變此刻的目標。不僅僅是離開舒適圈，而是回歸意義的追尋《被討厭的勇氣》的真正核心，並不在於那些表面的「自我成長」口號，比如離開舒適圈、接受挑戰，而是在於幫助我們看清：人生的意義來自於什麼？ 不是來自外界的掌聲，而是來自你對自己目標的認可。如何面對人際關係的壓力？ 不是通過控制他人來獲得安全感，而是通過尊重彼此的獨立性，建立真誠的連結。什麼是真正的自由？ 不是無視他人，而是從他人的評價中解脫，帶著尊重與愛活出自己的價值。推薦延伸閱讀：《自卑與超越》如果《被討厭的勇氣》啟發了你，建議進一步閱讀阿德勒的傳世經典《自卑與超越》。這本書以更全面的視角探討如何超越自卑、擁抱人生的意義，並深入剖析我們如何通過「社會興趣」（對人類共同體的關懷）來實現真正的心理健康。總結一句話：《被討厭的勇氣》不是教你反抗他人，而是教你擺脫依賴，尊重自己與他人的自由，回歸愛與意義的核心。,2
https://www.books.com.tw/booksComment/memberComment/TrBbRzlHr1,https://www.books.com.tw/csss/myacc/images/member-avatar-def.png,TrBbRzlHr1,Lv.1,0.5,2024/12/27,這本書其實就是想要表達「脫離舒適圈」而已。還有運用對話是不錯但是很多年輕人對哲學家提出的問題，哲學家都是用『答非所問』的方式帶過不敢正面回答問題。有夠爛的一本書  垃圾 看完完全沒幫助 浪費我寶貴的時間,8
https://www.books.com.tw/booksComment/memberComment/AiSjRsjsHT,https://www.books.com.tw/csss/myacc/images/member-avatar-def.png,Gary,Lv.1,5,2024/11/23,非常棒的一本書，完全改變以往的觀念，讓我人生多了很多不同的想法，這樣的好書，在這裡推薦給大家，相信大家一定會喜歡👍,2
https://www.books.com.tw/booksComment/memberComment/Osb8OOkMHm,https://www.books.com.tw/csss/myacc/images/member-avatar-def.png,拓海,Lv.2,4.5,2024/11/01,"書名在當時造成一陣旋風細細閱讀書的內容而非譁眾取寵被討厭並不是壞事, 首先要先愛自己如何做到而不干涉他人 並且適當維持彼此的關係執行上最困難的事學會課題分離值得推薦的一本好書",2
https://www.books.com.tw/booksComment/memberComment/hj6Y6u1z88,https://www.books.com.tw/csss/myacc/images/member-avatar-def.png,CC,Lv.3,5,2024/10/24,"作者深入淺出以對話的方式傳達阿德勒個體心理學的觀點, 並將一般大眾可能有的疑問藉由對話的方式提出並解答, 引發思考內文淺顯易懂收穫很多, 推薦!!",2
https://www.books.com.tw/booksComment/memberComment/xxx4448458,https://www.books.com.tw/csss/myacc/images/member-avatar-def.png,Nicole,Lv.1,5,2024/10/24,"跟蛤蟆先生看心理醫生差不多的概念，也是用第三視角看兩個人的對話,從對話中去思考並理解看似很深卻解釋的很白話的概念，我覺得這本書是可以重複翻來閱讀，每一次都可以從中找到心中問題的答案",3
https://www.books.com.tw/booksComment/memberComment/FfocxmdJ6R,https://www.books.com.tw/csss/myacc/images/member-avatar-def.png,老年初級讀者,Lv.1,4,2024/08/26,書中用著反覆對話的方式，讓讀者去咀嚼思考其中的意義。讀完後，我認為這本書是給予讀者另一種層面的體悟，讓我們去學習不替自己找藉口，要為自己的人生負責。並且活在當下做好每件事情，尊重每個人的決定，不去加以干涉，不隨便進入到別人的課題中。,2
https://www.books.com.tw/booksComment/memberComment/otYbIftmt1,https://www.books.com.tw/csss/myacc/images/member-avatar-def.png,熊爸,Lv.1,5,2024/07/15,「決定我們自身的，不是過去的經歷，而是我們賦予經歷的意義。」人生不乏挫折，如何看待是關鍵，本書解讀人生問題，藉由了解問題本質，我們定義期正向意涵，方能突破困境。此理，放諸各領域，仔細琢磨，都能有所啟發。,18
https://www.books.com.tw/booksComment/memberComment/lXOZ1gsSLl,https://im2.book.com.tw/image/getImage?i=https://addons.books.com.tw/G/ADbanner/2024/01/person_01.png&v=65a0fdcek&w=80&h=80,Alan,Lv.3,4.5,2024/06/03,全文以淺顯易懂的對話講解其概念，讀起來不會很枯燥，而且也用其他理論做為對比讓人想法有所延伸，對於阿德勒並不很熟悉，所以看到他的理論時覺得截然不同，令人眼睛一亮，但同時在現實生活中很難去實踐。,12
https://www.books.com.tw/booksComment/memberComment/xxx5449171,https://www.books.com.tw/csss/myacc/images/member-avatar-def.png,林小花,Lv.5,5,2024/04/14,2025.6.11 洪教主在2025.5.25的直播中有提到這句，記錄一下。『阿德勒: 我們不是被經驗決定的人， 我們是給經驗賦予意義的人。』2024.很多年前讀過這本，印象最深的就是課題分離。最近再重讀一次，有更深刻的感受。分成三大重點：１.目的論：「目的」可以調整情緒、行為、想法跟詮釋。重點在於你有沒有改變自我的勇氣與決心。不想改變就可以找到一堆藉口。２.體驗共同體：有三大重點相互影響。A.自我接納：接受現在的自己，向能做到的部分邁進。彌補自卑(不足)，實現優越，也就是自我超越。這裡也是有提到善用自己所擁有的資源，專注在自己能改變的地方，而非不能改變的地方。很多書都有提到專注在自己沒有的東西，永遠不會幸福。因為看到沒有是匱乏感，看到擁有是一種富足與感恩。B.(無條件)信賴他人：其他書也有提到，在資源缺稀的狀態下，競爭關係就會讓朋友變成敵人。從競爭關係跳脫，就能從不安的關係中解脫，這樣就能視旁人為夥伴而不是敵人(競爭對手)。我個人覺得無條件信賴的不是他人，而是自己。就像一行禪師講的，瞭解自己，接納自己，相信自己是有能力。因為相信自己是有能力的，即便被別人錯待，也沒關係。C.貢獻他人：在貢獻他人之前，要先放下對認可的追求，雖然別人的表揚可以體會自己的價值，消除自卑，增加自信心。但，活在別人的期待中，一輩子都會受苦。所以要先學會界線設立，課題分離，先照顧好自己的需求，再來談談貢獻他人 。貢獻他人可以體驗到我對他人有用，進而體驗到自己的價值，例如工作。若說課題分離是人際關係的起點，那麼共同體就是終點。我們並不是世界的中心，而是整體的一部分。共同體需要發展的不是縱向關係 (批評或表揚)，而是發展橫向關係，也就是對存在本身表示感謝；平等、真誠、鼓勵，傳達喜悅與尊重。３.幸福：要有甘於平凡的勇氣，因為人生是由一連串的此時此刻所創造出來的，唯有活在當下才能體驗幸福。記錄一下自己的心得。,22
https://www.books.com.tw/booksComment/memberComment/xxx5447567,https://www.books.com.tw/csss/myacc/images/member-avatar-def.png,教育界走跳,Lv.4,5,2024/04/05,《被討厭的勇氣》多年來一直是熱門暢銷書籍，書中藉由青年人與哲學家的對談，娓娓道來阿德勒心理學的真諦，並期許讀者們找到人生的幸福哲學。因此，這本書多半被歸類在心理學、勵志類、人生哲學等範疇。然而，在閱讀的過程中卻發現，書裡有幾項觀念很適合投資人，以下便與大家分享我的心得。 一、甘於平凡的勇氣　　以往我們的教育無不強調個體多麼特別，多麼優秀，甚至有「天生我材必有用」等名言佳句，無不述說自己的獨特性與優越性。　　阿德勒則以為每個人都很平凡，我們必須接受如此不突出的自己。唯有如此，你才不會與他人進行比較。　　他認為所有的煩惱都來自人際關係，假若今天宇宙只有你一個人，其實你並不會感到孤獨，有點類似道家「相對」的概念。既然所有的煩惱都是比較而來，我們只能跳脫這既有的局限與框架，承認自己與他人相較，一點都不優異，才能解脫與幸福，這就是甘於平凡的勇氣。　　從另外的角度來看，這其實是人性的偏誤。奧利維‧席波尼《不當決策：行為經濟學大師教你避開人性偏誤》曾分享過這個例子，請人們自我評估時，往往會高估自己，例如覺得自己駕駛技術比別人優秀，但其實並沒有;覺得自己比同儕更有創造力，遺憾的是，還是沒有。一言以蔽之，我們時常認為自己比別人厲害。　　於是乎面對投資，常常自我催眠，以為自己是少年股神，動不動可以獲利百倍，更妄想自己是巴菲特的傳人，總能掌握市場獨家的消息，做出最好的投資判斷。然而，在查爾斯．艾利斯《指數革命：巴菲特認證！未來真正能獲利的最佳投資法》就已經說得很明確，這在過去(30、40年前)或許行得通，當年資訊不發達、法規未齊全，是散戶在主導市場。時過境遷，現在股海中充斥著法人與公司高層，你一位散戶能與之抗衡嗎?你有比高層知道更多訊息嗎?　　查爾斯．艾利斯另一本著作《投資終極戰：贏得輸家的遊戲──用指數型基金，打敗85％的市場參與者》將賽門的網球研究應用在股市。他發現專業的網球選手比的是誰得分多，業餘的網球選手則是比誰失分少。所以身為散戶的我們屬於後者，失分少就是成功，因此最好的投資方式就是投資大盤，拿到市場的平均報酬就好了，做個甘於「平凡」的投資人。　　與股神比起來，這個績效的確不怎麼好，但相信我，它絕對不差，至少是平均值。坦白說，如果扣除投資標的低成本，還會勝過一半以上的投資人呢!甚至長期下來，絕對打贏一票主動選股或持有高成本標的的投資者。　　不要再迷信自己選股，你不會比這些電腦、高層、學有專精且認真的股市分析師聰明。你的唯一出路，就是阿德勒所說的「甘於平凡的勇氣」，無法戰勝大盤，我們就買進大盤!二、重視現在　　阿德勒心理學與佛洛伊德心理學最大的差異是，前者是目的論，後者是決定論。　　佛洛伊德努力分析你的過去，試圖找出你會變成現在這個樣子的原因，稱之為決定論。阿德勒則以為要拋棄過去，不要找尋原因，而是把眼光看向未來，從此刻開始改變，稱之目的論。　　阿德勒認為即使你把過去分析得再好，so what?又如何呢?過去已經過去，時間無法重來，無法改變，你所能夠掌控的只有現在。　　我很喜歡英文的一個單字:「present」。它有兩個解釋，一個是當名詞「禮物」，另一個是形容詞「現在」。對我來說，最棒的禮物就是現在，我們得好好掌握，這也是我們唯一可以把握的。　　身為投資者，最好的投資時間點永遠是現在。過去無法挽回，面對當今通膨加劇、低薪政策、房價高漲、退休金不足的時代，只能靠著此刻開始投資，才是給未來的自己最好的禮物。　　另外，如果你是指數投資人，那麼更簡單了，只要有閒錢，隨時都可以買，「buy right ，hold tight」是不變的原則，只要買進低成本的全市場指數，並且長期持有，就能夠有一筆可觀的報酬。　　你知道台股破萬點時，就已經有人高喊要出場了嗎?你知道當破萬五時，就有人告訴你要全盤賣出了嗎?如今，台股持續創新高，想必在今年年初或者去年年底獲利了結的投資人，內心有多扼腕。此外，一直被「創新高」消息與新聞洗腦的投資人，是否一直遲遲不敢進場?結果是，錯失了今年的漲幅與配息。　　知名的古典諷刺小說《儒林外史》，裡頭有一篇〈范進中舉〉，主人翁范進說了句至理名言:「自古無考場外的舉人」。言下之意，沒有不參加科舉，而能考上功名的人。同理，「自古無股市外的投資人」，股市裡沒有不買股票而能獲利的人(賺價差，也賺配息)。記住，阿德勒告訴我們，不要在乎過去，要注重現在，並且去做，未來才會改變!三、要有導引之星　　人生最難的事，不是知道，而是去做，正所謂「知易行難」。　　我相信很多人都知道阿德勒心理學的概念，可是真正去做的有幾個?能堅持到底，持之以恆的，又有幾位?是以，阿德勒提出「導引之星」的概念。就像當我們迷路時，知道要判斷方向，可卻又不知從何下手，此時北極星就如同導引之星的存在，帶領你釐清現在的位置，判別確切的方向，往正確的道路前進。　　投資的概念與之相仿!　　不過，這邊要澄清一點，有人的導引之星是股市老師、投資網紅。我個人是不太贊同，不是說他們不能成為自己的導引之星，而是你要去檢視他們。譬如說他們的投資策略，是不是常常變來變去，如果答案是肯定的，那麼請相信我，它不會是你股海裡的導引之星，你有看過北極星變來變去的嗎?　　我想分享一則「智慧之鮭」的故事，梗概如下:　　傳說中有一隻奇妙的鮭魚，第一個吃到的人可以得到大智慧，所以又稱為「智慧之鮭」。有一位詩人伊瑟斯追蹤了這隻鮭魚好幾年，好不容易終於捕捉到牠。於是請一位善於烹調的學生為他烹煮，想要成為第一個吃到這隻鮭魚的人。 　　大家猜猜看，伊瑟斯確實是第一個吃到這條鮭魚的人。然而，他有得到大智慧嗎? 答案是沒有! 因為他的學生烹煮時不小心被魚油盪到，下意識舔了一口，成了第一個嘗到智慧之鮭的人。　　我很喜歡這則故事。除了是它具備小說的意外性外，更重要的是它告訴我們:「不要假借他人之手」。　　有人不會煮飯，卻冀望將來能夠娶到或嫁到一位懂得烹飪的配偶;有人不懂投資，所以希望未來能夠娶到或嫁到會理財的另一半。他們不就跟「智慧之鮭」的故事一樣嗎?為何不自己學習呢?為何要假借他人之手呢?萬一未來分手或離婚，自己豈不餓死?窮死?靠山山會倒，靠海海會枯，只有靠自己最好。　　與其盲目追求股市老師、投資網紅，甚至是銀行理專，小心將財富拱手送人，正因為你不懂，所以永遠不會是第一位嚐到「智慧之鮭」的投資人!職是，我覺得最棒的導引之星就是自己。　　那麼如何讓自己具備導引之星的能力呢?我以為唯有透過不斷閱讀，方可摸索出自己的投資哲學，便能不被市場與新聞媒體所影響，而有自己的判斷力。　　網路上曾有人說，指數投資就是無腦投資，連書都不必看。真的是如此嗎?我深深不以為然。大家思考一下，教會何以辦理「聖經讀經班」?何以每周聚在一起禮拜、唱聖歌?　　事實上，這些都是強化自身信仰的方式。有著一群同溫層的夥伴，一起研讀具有共同信仰的典籍，才能夠更加堅定自己的信念。所以，建議指數投資人更應該時常翻閱相關的投資書籍，透過一次次的閱讀，一次次加強自己的投資理念，就不會被股市老師左右，不會被任何訊息影響，「坐懷不亂」，堅定自己的投資策略，尤有甚者，還會因為能夠指出質疑者的謬誤，而會心一笑，臻至「手中有股票，心中無股價」的高妙畛域。　　此外，亦可多方涉略不同投資作家的著作，互相補足彼此間的看法，讓你在投資的道路上，知道自己並不孤單，如此一來，便能走在正確的道路而不迷茫!四、結論　　閱讀《被討厭的勇氣》一書，收穫頗豐，不只是心靈上的成長，對我來說更有投資上的啟發。　　首先，阿德勒告訴我們要有甘於平凡的勇氣，勇敢買進大盤，得到平均報酬，忘記飆股、忘記白日夢式的投機高報酬，做個甘於平凡卻不凡的投資人。其次，也教導我們要把握當下，忘卻過去。最好的投資時機是十年前以及現在，而如今的你所能選擇的只有現在，「buy right ，hold tight」，學學Nike那句名聞世界的廣告詞:「Just do it」。最後，多多閱讀，透過閱讀吸收新知，也強化自己的投資信仰與理念，股神巴菲特每天可是會看500頁的書呢。　　這是一本投資人必備的心理、哲學書籍，誠摯推薦給大家。Ps.如果喜歡我的分享，歡迎臉書或在方格子搜尋「教育界走跳」。,13
https://www.books.com.tw/booksComment/memberComment/RvWQDmYtKk,https://www.books.com.tw/csss/myacc/images/member-avatar-def.png,小雅,Lv.1,5,2024/04/01,"超棒的一本書,顛覆我們傳統的思維否定有心理創傷,你的不幸,是你自己選擇的,只要你願意改變就能改變人們常常為了滿足别人的期待而活這種尋求別人認同的需求讓我們變的不自由真正的自由就是要懂得課程的分離值得收藏分享的好書",7
https://www.books.com.tw/booksComment/memberComment/eLVgNetlLg,https://www.books.com.tw/csss/myacc/images/member-avatar-def.png,米爾斯,Lv.6,4.5,2024/03/13,​人格的形塑始於家庭，而我們的行為模式，也與童年記憶息息相關，相信每個人都同意這樣的看法，也因為如此，才會有『本性難移』這樣的定論出現。然而鐵錚錚的事實擺在眼前，過去傷痛早已無法改變，人們也不可能回溯時光，將思想定錨的那一天重置或消除，難道除了果斷的接受苦楚外，就沒有更好的方式能療癒心靈嗎？​​阿德勒自創的『課題分離』學說，在心理學上另闢蹊徑，強調過去經驗雖已不可變化，但要賦予什麼樣的定義，其實是操之在我。他也主張用目的性來回推行為理由，例如足不出戶的男子，會成為不願接觸社會的繭居族，並非兒時缺乏關愛所致，而是因為不想面對可能失敗的社交風險，才讓自己變成繭居族，好達成自我設定的目的，並將這一切歸因於無法改變的童年。​​課題分離的修為雖然嚴苛，然而以正面意義的角度檢視，卻是格外的親切與受用。書中透過一位憤世嫉俗的年輕人，與哲學家的精采對話，闡明哲學的真義，讓人看了大呼過癮，難怪可以長期稱霸暢銷書排行榜。如果你也有走不出的人生糾結，不妨來看看這本書，或許能帶來不同以往的啟發。,5
https://www.books.com.tw/booksComment/memberComment/yhrOiAKfZc,https://www.books.com.tw/csss/myacc/images/member-avatar-def.png,小森麒麟,Lv.4,5,2024/02/16,書名雖為被討厭的勇氣但是作者並非提倡惹人厭的被討厭，而是在這充滿著別人眼光跟評論的世界多為自己而活。,12
https://www.books.com.tw/booksComment/memberComment/NjlLvnQrlr,https://www.books.com.tw/csss/myacc/images/member-avatar-def.png,一個人的生活,Lv.2,4.5,2024/02/02,常聽到人家說什麼，但很多人好似都看標題去解讀書的內容，並未實際的去看過這本書，我只能說書中寫被討厭的勇氣，與你想像中被討厭的勇氣不同,4
https://www.books.com.tw/booksComment/memberComment/Xbxrz4KJas,https://www.books.com.tw/csss/myacc/images/member-avatar-def.png,Nick491,Lv.3,5,2024/01/30,讀完後，總有一種好像少了點什麼的感覺，讓我覺得怎麼會是這樣的感受，後來又讀到了後記，讀完後，我想 會出現少了點什麼的感受，可能是要讀者自己去思考書中所講的各類論點,12
https://www.books.com.tw/booksComment/memberComment/xxx2422050,https://www.books.com.tw/csss/myacc/images/member-avatar-def.png,雪屁貝,Lv.4,5,2024/01/09,《被討厭的勇氣：自我啟發之父「阿德勒」的教導》是一本啟發性的書籍，以阿爾弗雷德·阿德勒的心理學觀點為基礎，探討了自我成長和自我實現的主題。這本書對我產生了深刻的影響，讓我重新思考了自己的生活和行為方式。書中介紹了阿德勒的個性心理學，強調了人們如何主動地選擇自己的生活方式和行為模式，而不僅僅是被環境和過去的經歷所塑造。這個觀點讓我更加認識到自己的責任和能力，以及如何在生活中做出更有意義的選擇。此外，書中還談到了「勇氣」這一概念，強調了克服恐懼和不安全感的重要性。它提醒我們，在成長和自我實現的過程中，需要充滿勇氣地面對自己的不足和挑戰，並努力改變。這個觀點讓我更加堅定了克服困難和追求夢想的決心。最後，書中通過對話的形式，展現了阿德勒的教導，讓讀者可以更容易理解和應用這些心理學原則。這種風格使書讀起來生動有趣，同時也更容易被吸收。總的來說，《被討厭的勇氣》是一本充滿智慧和啟發性的書籍，它提供了關於自我成長和自我實現的重要教訓。這本書鼓勵讀者勇敢地面對生活中的挑戰，並努力塑造自己想要的未來。對於追求個人成長和幸福的人來說，這本書絕對值得一讀。,5
https://www.books.com.tw/booksComment/memberComment/MVRJfzkc1g,https://www.books.com.tw/csss/myacc/images/member-avatar-def.png,大光,Lv.2,5,2023/11/21,阿德勒的觀念初次接觸的讀者來說會有蠻大的觀念衝擊，若是讀者接受了這個觀點，將會發現許多看待事物不一樣的角度，甚至是從世界觀都會就此改變。本書通俗易懂，深入淺出地介紹了阿德勒的理論，是一本值得一讀的自我成長書籍。,3
https://www.books.com.tw/booksComment/memberComment/xxx5449348,https://im1.book.com.tw/image/getImage?i=https://addons.books.com.tw/G/ADbanner/booksCommentAvatar/avatars_freshman2024_160x160B.png&v=66715faek&w=80&h=80,沐沐的閱讀天地,Lv.7,5,2023/10/14,這本書很顛覆我的邏輯，以我從來沒有思考過的方式呈現讀起來不會很困難，但會讓人去思考我很喜歡書中說的論點，也改變我的想法很多值得推薦,3
https://www.books.com.tw/booksComment/memberComment/xxx5451002,https://im2.book.com.tw/image/getImage?i=https://addons.books.com.tw/G/ADbanner/booksCommentAvatar/avatars_160x160_b1.png&v=6614ae56k&w=80&h=80,射手媽咪婷婷,Lv.10,5,2023/10/04,我曾經傲慢地認為我不需要讀這本書，原因是光看書名《被討厭的勇氣》就覺得既然沒有這方面的困擾，應該是不需要刻意去閱讀，但直到真正讀了這本書之後才發現其實關於「被討厭」的論述只是書中的一小部分，有其他更多值得我們去關注及翻轉思維的論述，都能使得許多人擺脫人際關係的困擾，並且學會什麼是真正的尊重。作者岸見一郎的書籍我看過不少，他的著作都是圍繞在阿德勒心理學的範疇，以現代人的眼光來看，依舊會對其論述感到相當新穎，甚至是令人感到有些不適應或一時半刻很難接受。比如在書中就提到一個人現在的狀態並非是「過去」所造成，而是當事人出自於個人意志的決定，也就是說過去即使是不可抹滅的事實，但我們不能把責任歸咎於過去的創傷或他人對我們造成的影響，因為此刻的我們是有權作出決定的，不應該歸咎於其他原因。而這樣的論述其實不難理解，比如一個孩子明明身體檢查不出疾病，但是他卻真實感受到不適，在抽絲剝繭之下會發現這個身體不適是因為孩子「需要」所造成，因為孩子不想去上課，或是希望博得父母的關注，於是對孩子而言這個不舒服的感受是必要存在的，一旦改變「不想去上課」或「博得父母的關注」這些目的，不舒服的感受便自然會消失，這也是阿德勒心理學主張的應該追究的不是過去的「原因」，而是現在的「目的」，因為過去的事實無法改變，但現在的目的是可自由轉換的，所以當有些人講了許多理由表示自己迫於無奈而做不到時，其實只是因為他不想做而已。同樣的邏輯，作者也不客氣地說許多人的「不幸」是自己選的，也就是說是他此刻「需要」的，這就讓人想到許多人為何以「賣慘」來做為吸引目光的手段，因為這能替他帶來一些關注力，作者說這對當事人來說是一種「善」，比如可以當成難以成功的理由，抑或是獲取更多的同情而得到金錢上的利益，所以我們會發現許多人始終不願意走出悲慘的人設，因為他們「需要」，而且很有可能不自覺已經從「自卑情結」轉變為「特殊的優越感」。「自卑情結」是指開始把自卑感當成某種藉口使用的狀態。「特殊的優越感」則是炫耀不幸。想藉由自己的不幸，好變得「特別」；憑著不幸，想要高人一等，進而把自己的不幸當成武器，想要支配對方。作者的這番解說令我恍然大悟，這也充分說明了為什麼有些人一直讓自己處於看似「不幸」的狀態，其實仔細觀察過後都會發現是有其目的，因為撕掉了「不幸」的標籤，他們似乎頓失免死金牌，也沒有籌碼可以讓他人順從自己。所謂的自由，就是被別人討厭。如果你無法不在意他人的評價、無法不害怕被人討厭，也不想付出可能得不到認同的代價，就無法貫徹自己的生活方式；也就是，得不到自由。我想這也是為什麼許多人總是過度在意他人的評價而影響到自己生活的關鍵原因。想要平靜的生活，就要尊重他人有批判或討厭自己的自由，我們永遠都不可能封住別人的嘴，但我們有能力去決定要如何詮釋一件事情，如此一來便同時擁有了平靜與自由。阿德勒心理學同時還主張不稱讚、不責罵，也認為競爭是沒有必要的，而這些詳細的內容我會在《被討厭的勇氣 二部曲完結篇》中有比較詳盡的說明。我知道很多人對暢銷書向來反感，但我不得不說這本以哲學及心理學為基礎，並且以對話方式呈現的書籍可以真正幫助我們在人際關係中減少競爭及嫉妒所帶來的不良影響，也可以讓我們意識到心中的權威思想，不再糾結於「過去怎麼樣」或是「別人怎麼樣」，而是聚焦於當下的自己，並且給予自我認同，而非向外尋求。,5
https://www.books.com.tw/booksComment/memberComment/0y1aLxyFq7,https://www.books.com.tw/csss/myacc/images/member-avatar-def.png,loveart0301,Lv.2,5,2023/07/18,使我更勇於做自己的書籍，內容有些較為深澳之處，一讀再讀地直至理解文中內涵。內化後的自我啟發，成為更喜歡的自己。推推 !,2
https://www.books.com.tw/booksComment/memberComment/xxx5450217,https://www.books.com.tw/csss/myacc/images/member-avatar-def.png,喆,Lv.1,4.5,2023/06/20,還蠻推薦這本書，這本書給我的感覺，原來從小到現在我都在欺騙自己，沒有聽聽心裡最底層聲音，都是按照別人生活過，而不是為自己而活，總結來說這本書算是直接刺進我心裡最底層，讓我不再那麼迷惘過日子，,2
https://www.books.com.tw/booksComment/memberComment/xxx5448975,https://www.books.com.tw/csss/myacc/images/member-avatar-def.png,紘,Lv.1,5,2023/05/16,非常推薦 是本好書 此生必看   我們心知肚明討好身邊的所有人是不可能的，卻在得知自己被討厭時仍然無法克制自己的難過，甚至不停地檢討自己，使自己陷入負面糾結的情緒當中。 我想透過這本書，學習以更豁達的心態，去面對身邊的惡意。 其實看完這本書，我並沒有獲得自己一開始渴望找尋的答案,3
https://www.books.com.tw/booksComment/memberComment/xxx5446921,https://www.books.com.tw/csss/myacc/images/member-avatar-def.png,活在當下,Lv.1,4.5,2023/04/15,這一兩年極為痛苦，快要四十歲了才突然覺得不想再看別人臉色、迎合別人，一直在找相關的短文及短片，但還是很不舒服，剛好家人的書櫃有這本書，看完了之後發現自己最大的問題就是沒有決心改變，這本書給我我很大的幫助，接受自己的原貌是不完美的並且接納自己，在此刻就可以選擇改變，認真地活在當下。,4
https://www.books.com.tw/booksComment/memberComment/xxx5444488,https://www.books.com.tw/csss/myacc/images/member-avatar-def.png,有好有壞,Lv.3,4,2023/01/19,我對於這本書中最感興趣的理論，就是「目的論」因為它和我舊有看事情的觀點大不相同，它否定決定論，覺得應該追究的是現在的「目的」。舉例來說，以往我會覺得考試考不好是因為智商太低，或課程太難，但以目的論來看，其實我只是為不想讀書而找藉口。　　在這本書中，我感觸最深，且領悟最多的地方，是關於「活在當下」。我以前就聽過很多人說要把握時光，活在當下，但我一直沒有搞清楚這句話真正的意思，直到哲學家的解釋，我才了解到原來「人生就是一連串的剎那」，你永遠無法預期將來會發生什麼事，只有活在當下，才是最實際，最重要的。每天多算幾題數學題，每天多背幾個英文單字，為的不是將來的那場考試，而是「今天的成就」。　　這本書真的對我影響很深，幫助我解開心中許多疑惑，讓我想對阿德勒心理學做更深入的了解，在這本書我最喜歡的一句話：「問題不在於世界是什麼樣子，在於你是什麼樣子。」🤗只要我改變，世界就會改變。,3
https://www.books.com.tw/booksComment/memberComment/xxx5442514,https://www.books.com.tw/csss/myacc/images/member-avatar-def.png,Mandy,Lv.2,5,2022/12/22,非常喜歡這本書以對話方式將艱深的哲學理念用很淺顯易懂的方式讓讀者了解！就像書中所說的：我們要有改變自己的勇氣，才會得到想要幸福。還有關於人際關係的牽絆，的確我們只要把自己的課題完成就好，其他的部分是別人的課題，我們不需要太在乎，只要對得起自己就好了！人生過得好壞其實全憑自己怎麼想，想法一改變整個人都開闊了不少！很開心能夠發現這本書的存在！這本書不論在什麼時期的人生看到絕對都可以得到很棒的啟發，非常推薦！,2
https://www.books.com.tw/booksComment/memberComment/xxx4445577,https://www.books.com.tw/csss/myacc/images/member-avatar-def.png,Chesheng,Lv.1,5,2022/09/29,本書的一開始便否定了創傷對人行為的影響。有著童年創傷的我，便因為這個論點深深的吸引了我的注意力。看完整本書之後有種醍醐灌頂的感覺，感覺人生清晰了許多。,3
https://www.books.com.tw/booksComment/memberComment/xxx3460170,https://www.books.com.tw/csss/myacc/images/member-avatar-def.png,ocean_desert_world,Lv.2,4.5,2022/06/25,跟隨作者學習阿德勒的理論，就像上了一課熟悉而又痛苦的Debunking，不斷反思、推翻你所認同的一套。人的煩惱源於人際關係、課題，我們總是習慣將別人的課題放到自己身上，例如：小孩有否用功讀書、別人是否討厭自己等，都是自己控制不到、卻又執着去改變。最震撼我的是阿德勒如何看待過去、現在和未來。「人生是一連串的剎那」，不去歸咎現況是過去的結果，而是學會理解所經歷的；不去思慮未來太多，因為在規劃好之前就已經終結。,2
https://www.books.com.tw/booksComment/memberComment/xxx3457284,https://www.books.com.tw/csss/myacc/images/member-avatar-def.png,okkel,Lv.2,3.5,2022/05/13,比較推薦給樂於接受／認識不同觀點的人。個人閱讀時其實並不贊同所有內容，甚至只有部分能被我個人價值觀所接受與吸收，但也看到了些以往鮮少接觸到的思想，所以還是有些有趣的。不過印象中個人比較喜歡前半段，可能是後半段無法產生共鳴、有所牴觸的部分比較多。選擇呈現主題的方式我覺得是有趣的，有點像看故事的方式讓閱讀起來比較容易些，不過還是有部分感覺不是到很流暢，不確定是否為翻譯品質問題，不是到太嚴重，但如果能改善會讓這本書更好。,1
https://www.books.com.tw/booksComment/memberComment/xxx3457271,https://www.books.com.tw/csss/myacc/images/member-avatar-def.png,nnora,Lv.1,3,2022/05/12,被討厭的勇氣就是要切分自己與他人，世界其實很單純，是人們主觀的定義使其變複雜而自尋煩惱，同樣一件事情因定義的不同可以是好事也是壞事。然而說實在的我覺得人的創傷是很影響個人一切的，所以基於對於創傷否認的這點，我個人無法看得很進去。,4
https://www.books.com.tw/booksComment/memberComment/xxx3456720,https://www.books.com.tw/csss/myacc/images/member-avatar-def.png,Jim Yang,Lv.2,5,2022/05/03,人生卡關時必讀的書本之一．看書名會以為是：『學習人生勇敢的被別人討厭，堅持自己被討厭的缺點』看完才理解：『學習勇敢改變自己的人生，不害怕自己以為的被別人討厭』整本書透過自己（年輕人）對自己（哲學家）的對話．從自己出發延伸到朋友、家人直到社會、世界．最終再回歸自己．是一種看山是山，看山不是山的意境．當你了解認知．從內在(內心)自我察覺，到外在(人際關係)的課題分離．最終回到『活在當下』，那你就會懂『被討厭』是自己給自己的『勇氣』,3
https://www.books.com.tw/booksComment/memberComment/xxx3455824,https://www.books.com.tw/csss/myacc/images/member-avatar-def.png,alex,Lv.3,5,2022/04/26,本書藉由一連串的對話，淺移默化了我心智。看完這本書原本心中堆積如山的煩惱，有一種茅塞頓開感覺，心中相當的舒坦。如果現在正深陷人際關係的泥淖，這絕對式你現在必看的一本書。,3
https://www.books.com.tw/booksComment/memberComment/xxx5449070,https://www.books.com.tw/csss/myacc/images/member-avatar-def.png,自由繆思-思緒整理∣自我成長∣心靈療癒,Lv.2,5,2022/04/24,我覺得這本書對我的最大幫助是課題分離的概念。知道什麼是別人的課題、什麼是自己的課題，進而可以讓自己放下心不去擔憂別人的事情。讓我的心裡終於輕鬆多了！讓我的生活有很大的改變～這本書也許有很多跟自己原本價值觀衝突的地方，建議大家可以一個概念看完就先實踐看看，再來看下一個概念哦！,2
https://www.books.com.tw/booksComment/memberComment/xxx3454833,https://www.books.com.tw/csss/myacc/images/member-avatar-def.png,crystal lin,Lv.2,5,2022/04/18,我之前會很在意別人的看法 希望每個人都喜歡我 但真的很累 看完這本書 我覺得我釋然了! 一如謀個佛教高增說:面對它 處理他 放下它! 推薦給大家!,1
https://www.books.com.tw/booksComment/memberComment/xxx3454785,https://www.books.com.tw/csss/myacc/images/member-avatar-def.png,小書彤,Lv.2,5,2022/04/17,這本書剛上的時候，造成非常大的轟動跟炫風，但我反而因為這股炫風導致我一開始很排斥去買這本書來看，覺得是媒體炒作。後來過了約一年（或更久），它仍在排行榜上屹立不搖，好奇心戰勝了我無聊的好勝心，我決定來拜讀一下！沒想到拿起來就再也放不下，甚至開始拿筆起來做筆記，甚至拿手機把喜歡的內容掃描起來保存，阿德勒提倡的概念一部分是顛覆了我既定的看法，一部分則是與我不約而同的一致，讓我看了大呼過癮！絕對是一本值得一讀再讀的好書👍🏻,2
https://www.books.com.tw/booksComment/memberComment/xxx3458535,https://www.books.com.tw/csss/myacc/images/member-avatar-def.png,絃チェン,Lv.1,4.5,2022/02/20,本書是以一位年輕人與哲學家的對話來撰寫的，內容多以「阿德勒」心理學有關，許多事情皆與生活息息相關，雖然中間有一小段讓我閱讀不下去，但是我仍然堅持閱讀，到最後你會發現這本書真的很好，比起第二部被討厭的勇氣，我更喜歡第一部,1
https://www.books.com.tw/booksComment/memberComment/xxx3450575,https://www.books.com.tw/csss/myacc/images/member-avatar-def.png,平凡,Lv.1,5,2022/01/21,我的想法都蠻偏激的，第一次閱讀這本書，對我有很大的幫助，也更加了解自己，謝謝有時自己認為是善意的行為，其實是在介入別人的人生課題，裡面的內容改變我的世界觀，非常受用。感謝,1
https://www.books.com.tw/booksComment/memberComment/xxx3447373,https://www.books.com.tw/csss/myacc/images/member-avatar-def.png,Galaxy,Lv.1,4.5,2021/11/12,這本書主要是透過一位哲學家和一位年輕人的對話做為貫穿各個故事的主軸，並藉由兩者的對話來引導出阿德勒的哲學道理。本書沒有使用艱深的詞彙，然而哲學家的話語與闡發出的哲理卻需反覆咀嚼，是一本在任何一個階段看都會有不同領悟的書籍。,0
https://www.books.com.tw/booksComment/memberComment/xxx4446810,https://www.books.com.tw/csss/myacc/images/member-avatar-def.png,POOHSANTHOUGHTS,Lv.6,5,2021/10/19,《被討厭的勇氣》所有的煩惱都是來自於人際關係一直以來的我都是十分在乎別人對我的看法但轉個角度想就是我把自己看成是世界中心其實真的沒人會在乎你怎樣隨口的一句令自己煩心不已一點也不值得以往幾年我也一直沉溺在醉生夢死的生活裡憑著直覺去做事傷害了不少人但內心是一斷向著我咆哮叫我去做我人生的使命我十分矛盾也不敢面前自己保持著網上說的所謂「活在當下」去過得一天算一天當下是快樂的但長期下去內心是難受的從小到大可能我讀書成績較好比賽也拿獎項的因此我不斷給別人稱讚繼而選擇做一個乖小孩去度日總的來說就是活在別人的期望裡好興幸現在我看得懂這本書的思想我要徹底貫徹於我的人生裡勇於選擇不枉此生,2
https://www.books.com.tw/booksComment/memberComment/xxx3457618,https://www.books.com.tw/csss/myacc/images/member-avatar-def.png,小魚,Lv.4,5,2021/10/04,"這本書不論看幾次都一樣有收穫！-剛出版時就曾拜讀過，當時的我只是一名大學生，如今時隔6年後回頭又重新再看一次，感受依然非常飽滿，也慶幸這本書陪伴我成長，最喜歡作者書中提到：「你不是為了滿足他人的期望而活，我也不是為了滿足他人的期待而活，我們沒有必要去滿足別人的期望。」光是這句話就對我的人生受用無窮，-作者也提到讓人感到幸福的關鍵就是「貢獻他人」，即使不是親眼可見的貢獻也沒關係，只要擁有一種""我對某人是有用處的""主觀感受就可以。-推薦給想要得到幸福的人們，這本書非常值得一看再看，收藏一本慢慢閱讀是很棒的享受。",2
https://www.books.com.tw/booksComment/memberComment/xxx3442292,https://www.books.com.tw/csss/myacc/images/member-avatar-def.png,傑斯,Lv.1,4.5,2021/09/30,我想看完之後比起產生了被討厭的勇氣，不如說是更能跟自己感受到被討厭所帶來的憤怒或無力感相處了。換個角度和自己的難受相處，慢慢也許就忘了難受了。,1
https://www.books.com.tw/booksComment/memberComment/xxx3439318,https://www.books.com.tw/csss/myacc/images/member-avatar-def.png,流水年華,Lv.1,5,2021/08/11,這本書非常容易淺顯易讀，但需要反覆咀嚼書中哲學家說的話。一本好書可以改變人的想法，而實踐書中的想法可以改變人的一生。個人對暢銷書的可讀性一直都都是半信半疑，這本哲學不但不枯燥艱澀，非常生活化，我推薦。,3
https://www.books.com.tw/booksComment/memberComment/xxx3458388,https://www.books.com.tw/csss/myacc/images/member-avatar-def.png,一個女生,Lv.3,4.5,2021/07/25,"這本書出來很久了,拖到今年才讀,因為很怕讀到說教的書,先買了網路電子書來看,沒想到讀了一半越看越喜歡,忍不住訂購紙本書來了,而且如果身邊有人有興趣,也會想推薦他們來看,這本書大部分的邏輯都滿認同的,而且聽過心經的課程,這本書和佛教道教的理論也有一點連結,因為還沒讀完,沒比較過和基督教的差異,但我讀到的部分和心經有關聯.推薦.",2
https://www.books.com.tw/booksComment/memberComment/xxx3436282,https://www.books.com.tw/csss/myacc/images/member-avatar-def.png,棉花羊,Lv.1,5,2021/06/12,書中的一開頭提到 “ 不應該花太多時間於創傷，這只是個逃避現實的方式 ” 有別於我的想法，讓我從書中得到另一個新的想法。透過年輕人與哲學家對話的形式傳達書中的內容，特別的呈現方式。喜歡書中的兩個觀點，點醒人們是害怕改變， 而不見得沒有能力做到，以及割捨別人的課題。被討厭的勇氣幫助我們了解很多人際的問題， 讓我們在生活中學習如何過得輕鬆自在。IG：sheepcloud_read,1
https://www.books.com.tw/booksComment/memberComment/xxx3450964,https://www.books.com.tw/csss/myacc/images/member-avatar-def.png,書閣,Lv.6,5,2021/06/08,此書如此之暢銷，現在應該還是在各大排行榜上屹立不搖吧。但我這幾年來一直沒有勇氣閱讀，也覺得題材不吸引我。在朋友的極力推薦下（他覺得我太自卑），故特別借來閱讀一番，赫然發現，我還真的挺需要的呢！我需要面對什麼呢？1.需要正視改變：不是變不了，而是自己畫地自限。2.心理創傷並不存在：別用經驗決定自我，而是用我們賦予經驗的意義來決定。3.自卑：會在意你長相的只有你自己。4.不要滿足「那個人」的期望而活：割捨別人的課題。以上四點有些是從目錄節錄的，但對我來說，皆是句句抓住我心呀。此書為何會暢銷歷久不衰呢？透過作者長期鑽研阿德勒心理學（心理學三巨頭之一），並將內容簡化成年輕人（有許多煩惱的眾生）和哲學家（負責解答一切疑惑）的相互對話，非常深入而淺出。看完之後覺得豁然開朗，可以用更多角度理解事務的全貌，以及探索了心理學大師的觀點，和我的想法相符。但也會多找找其他心理學家的相關書籍，期待迸出新的火花。,1
https://www.books.com.tw/booksComment/memberComment/xxx2436505,https://www.books.com.tw/csss/myacc/images/member-avatar-def.png,翻譯很爛,Lv.1,0.5,2021/06/01,純粹針對翻譯看了一下日本版沒甚麼問題此版翻譯省略了很多語感行文平板可看性大大降低或許是想用字精簡但說實話完美沒有達到這個效果可惜！,3
https://www.books.com.tw/booksComment/memberComment/xxx2435964,https://www.books.com.tw/csss/myacc/images/member-avatar-def.png,最棒的student,Lv.1,5,2021/05/21,不管是家中還是學校，又或是職場，都會遇到一系列的問題，有可能是友誼，也有可能是上對下關係，這本書都可以幫你很好的解決，從一開始就帶來衝擊的目的論，到好好地活在當下，都可以為生活帶來不小的幫助，看完書後可能從每次相似事情，你都掌控不了情緒心靈，到最後已經可以大大縮小傷害，並不是說不反駁，而是不需要為了不是你的事生氣，然後傷害到自己，書中提到應該想想那些是你的事，那些不是你的事，也提到了一點，不要稱讚也不要責罵，只要誇獎，這本書好的地方太多不可能一一說完，讓我勇於接納自己，真的讓我受益匪淺,1
https://www.books.com.tw/booksComment/memberComment/xxx2435125,https://www.books.com.tw/csss/myacc/images/member-avatar-def.png,梯歪,Lv.2,5,2021/05/11,這本書寫的內容雖然可能很多會顛覆你的常識，但其實是相當實用的。透過主角與哲學家的對話，讓哲學變的不繁雜，而是相當生動有趣。很多理論雖然短期內沒辦法實踐，需要長時間去適應，但個人認為都是相當有用的。很推薦給對人生感到迷茫的人！,0
https://www.books.com.tw/booksComment/memberComment/xxx2434246,https://www.books.com.tw/csss/myacc/images/member-avatar-def.png,游刃有餘,Lv.2,5,2021/05/03,好喜歡的一本書。以前總以為過往經驗是因，現在我的決定、想法、行為是過去的因導致的結果。作者帶來極大的思想衝擊，倒因爲果。我們不願意改變 或是 限制自己的其實都不是「過去的我」所形成的。「當下的我」是可以不受過去所羈絆。,0
https://www.books.com.tw/booksComment/memberComment/xxx2433917,https://www.books.com.tw/csss/myacc/images/member-avatar-def.png,千凡,Lv.1,4.5,2021/04/25,曾經被這本書深深啟發，當時對同儕關係感到絕望的我，因為這本書而得到救贖，他教會我如何轉換自己的內心角度，去面對更多人際關係相處上的不如意事，十分推薦這本書！,1
https://www.books.com.tw/booksComment/memberComment/xxx2433199,https://www.books.com.tw/csss/myacc/images/member-avatar-def.png,SS,Lv.1,4,2021/04/21,這本書強調的是積極改變自己的心態，只要自己能夠改變思考方式，自然而然地就可以用新的視角去看待以往只能消極面對的事物，並且從而改變自己的生活態度，從此迎接活在當下的喜悅。這本書很適合思考消極的人閱讀，然而這本書對於無法勉強自己去積極思考的人來說，算是一帖殘忍的猛藥，可能需要多看幾次並試著去實踐細節以後，才會逐漸體會阿德勒的哲學。只是個人覺得積極思考無法完全應用在所有情況，對實踐者過度嚴格的要求容易讓人忽略傷是如何形成的，與思考如何能防範使自己不再受傷。,1
https://www.books.com.tw/booksComment/memberComment/xxx2436310,https://www.books.com.tw/csss/myacc/images/member-avatar-def.png,失望,Lv.1,5,2021/04/18,會說被討厭的勇氣，大概是因為我們過往都太被要求要替別人想而失去自我界限。現在要學著對自己好才能讓自己得以關懷他人，所以界線要懂得拉出來。也因此在不習慣（自己跟他人），是有可能被覺得不舒服。而一般若不知道怎麼處理這樣的不舒服，是有可能被轉換成討厭。但我相信彼此都懂的怎麼為自己為他人好之下，拉出這樣的界線，久了大家都會習慣到知道讓自己好也是為別人好的事。,0
https://www.books.com.tw/booksComment/memberComment/xxx2433007,https://www.books.com.tw/csss/myacc/images/member-avatar-def.png,蘋果樹,Lv.2,5,2021/04/15,此書很適合自卑感強和太在意他人的讀者，因為當中哲學家點出了很多問題的根源都是出自自卑感太強，也提醒我不需要總是為滿足他人的期望而活，這樣太痛苦了,0
https://www.books.com.tw/booksComment/memberComment/xxx2432430,https://www.books.com.tw/csss/myacc/images/member-avatar-def.png,才疏學淺的student,Lv.1,4.5,2021/04/15,我第一次看到「被討厭的勇氣」時是在圖書館，我當時被這引人注目的標題所吸引，拿起來翻閱後發現它是以兩位主角：哲學家與年輕人之間的對話，將阿德勒對於人生的觀點告訴讀者。我覺得我非常像書中的年輕人，心中有許多對人生的不滿與問題，卻不知道如何解決，直到我遇見了這本書，遇見了這位哲學家，遇見了阿德勒心理學。　　在書的一開始，哲學家就說出「人是可以改變的，世界無比單純，誰都能獲得幸福。」這句話，但我非常的不服，心想這世界這麼混亂，世界各地的戰爭頻繁，又有許多人挨餓受凍而死亡，怎麼可能人人都能獲得幸福。因此，哲學家提出了他的觀點，而他也在接下來的對話過程中慢慢給出了答案。　　我對於這本書中最感興趣的理論，就是「目的論」，因為它和我舊有看事情的觀點大不相同，它否定決定論，覺得應該追究的是現在的「目的」。舉例來說，以往我會覺得考試考不好是因為智商太低，或課程太難，但以目的論來看，其實我只是為不想讀書而找藉口。　　在這本書中，我感觸最深，且領悟最多的地方，是關於「活在當下」。我以前就聽過很多人說要把握時光，活在當下，但我一直沒有搞清楚這句話真正的意思，直到哲學家的解釋，我才了解到原來「人生就是一連串的剎那」，你永遠無法預期將來會發生什麼事，只有活在當下，才是最實際，最重要的。每天多算幾題數學題，每天多背幾個英文單字，為的不是將來的那場考試，而是「今天的成就」。　　這本書真的對我影響很深，幫助我解開心中許多疑惑，讓我想對阿德勒心理學做更深入的了解，在這本書我最喜歡的一句話：「問題不在於世界是什麼樣子，在於你是什麼樣子。」，只要我改變，世界就會改變。,0
https://www.books.com.tw/booksComment/memberComment/xxx2436589,https://www.books.com.tw/csss/myacc/images/member-avatar-def.png,Hana說話樂園,Lv.3,2,2021/02/03,寫得真的很糟。作者駕馭對話體的能力很不好，經常思緒和閱讀節奏會被打斷。從某種程度上來說還不如直接去看柏拉圖的理想國比較舒適。另外作者文中大師回應年輕人的說詞僵硬，無法說服讀者認同。感覺就是在硬凹。不懂為什麼這本書那麼紅。我很認同阿德勒的概念，但這整本書來說真的很乏味，我讀不到一半就賣掉了。,6
https://www.books.com.tw/booksComment/memberComment/xxx4446928,https://www.books.com.tw/csss/myacc/images/member-avatar-def.png,Inwhy,Lv.4,5,2021/02/02,《被討厭的勇氣》20210202初在書局看到這獨特的書名很驚訝，尤其這段「有人討厭你，正是你行使自由、依照自己的生活方針過日子的標記。」真是振奮人心，有種奇妙的解放感。之前老高講心理學大師榮格的「共時性(synchronicity)」非常精采，但講阿德勒，總覺得少了一點不過癮，想起當初剛看完本書的興奮感。阿德勒說：所有煩惱都來自「人際關係」，一旦踏出與人建立關係的那一步，難免就會受大大小小的傷，甚至也會傷害到人。要去除所有煩惱除非獨自一人存活在宇宙中，不過那是不可能的。想從人際關係的煩惱解脫，要先認清這是誰的課題，貢獻自己所能，卻不期待他人讚美，就會擁有真實的價值感和歸屬感。佛說：所有煩惱都來自於虛構的「我」，有了我的概念，才又分出我和他，也是人際關係!想要滅除煩惱，要持續各種布施漸成為習慣，不執著自我有沒有回報，最終達到金剛經說「無我相、無人相、無眾生相、無壽者相」。阿德勒原來你講的是佛法阿!,2
https://www.books.com.tw/booksComment/memberComment/xxx3459561,https://www.books.com.tw/csss/myacc/images/member-avatar-def.png,婷,Lv.6,5,2020/12/24,一直在暢銷榜上的書身邊有很多的朋友推薦看的時候真的需要動腦去思考將內容轉化成自己的想法很實用的書,2
https://www.books.com.tw/booksComment/memberComment/xxx2424253,https://www.books.com.tw/csss/myacc/images/member-avatar-def.png,張元易 Vincent Yuanyi Chang,Lv.4,5,2020/08/17,雖然我受過專業心理學訓練，但我還是非常喜歡這兩位作者的互動方式：用淺顯易懂的方式對話，然後傳遞給讀者；然後讓讀者都能夠得到幸福。很高興這本書能夠在台灣有中文翻譯版。繼科普之後，哲學以及其他人文社會科學也越來越普及。這對我們的人格發展真是好！任何學問都是有用的！只要我們理解並且學會方法，我們就可以邁向自我實現。,0
https://www.books.com.tw/booksComment/memberComment/xxx2426188,https://www.books.com.tw/csss/myacc/images/member-avatar-def.png,Derek,Lv.6,4.5,2020/08/06,這本書在暢銷榜超久的，一開始看到這本書的時候，只有一個想法「要坦然被討厭、坦然接受自己被討厭，真的是需要勇氣」。沒有人能夠滿足所有人，不生不滅、不垢不淨、不增不減，事物都是雙向的。而外境是來自於自己的內心，一切都回到自己。,2
https://www.books.com.tw/booksComment/memberComment/xxx2430803,https://www.books.com.tw/csss/myacc/images/member-avatar-def.png,彰化林痣零,Lv.2,5,2020/07/01,怎麼讓自己活得更自在，看這本書就對了一直以來我都很害怕自己的行為舉止會不會帶來別人異樣的眼光很害怕被說話、被討厭但如果一直都這麼戰戰兢兢的生活這就不是自由的自己了如果有跟我一樣困擾的人都可以閱讀一下這本書看完之後獲得滿滿的能量,1
https://www.books.com.tw/booksComment/memberComment/xxx2412891,https://www.books.com.tw/csss/myacc/images/member-avatar-def.png,板橋外送哥,Lv.1,5,2020/01/26,這本書在講目的論，反對因果論。人可以憑著自己的改變決定未來。其實這個犯罪學也有讀到。這邊剛好是在講人是可以後天改變的部分。,0
https://www.books.com.tw/booksComment/memberComment/xxx2409206,https://www.books.com.tw/csss/myacc/images/member-avatar-def.png,Joline,Lv.2,4.5,2019/10/31,這本書啟發了我，人生應該為自己而活，而不是為別人而活。為尋求他人認同、在意他人評價，讓煩惱往往來自於人際關係。人生的定義應該由自己給予，活在當下貫徹自己的生活方式才是最重要的。,1
https://www.books.com.tw/booksComment/memberComment/xxx2430802,https://www.books.com.tw/csss/myacc/images/member-avatar-def.png,Sherry,Lv.2,5,2019/09/26,完全被寫中!! 相信這是大多數人都有的困擾，強烈建議每個人都該看看這本書，會更能過放過自己，過得更好。,1
https://www.books.com.tw/booksComment/memberComment/xxx3437308,https://www.books.com.tw/csss/myacc/images/member-avatar-def.png,挖屋好爽喔  媽媽有勢就可以幫小孩出書  爽爆～,Lv.3,5,2019/08/17,不能否認，就是這本書，炫起了阿德勒旋風。評論書，必須回到本質。也必須要超出本質以外。本書內容提出的論點，正反正反，就讓第三者的讀者可反覆思考。正反合，你作為讀者就必須有統整的能力。我看很多人都說期待太高所以很失望。我想說，這不過就是一本簡單的書，又不是阿拉丁神燈。你自己讀書用許願的渴望，就不能責怪這本書是暢銷之作，沒有力道。書本來就是給你的當頭痛斥，給你的新的視野。你要責怪裡面深度不夠，那也要問問你自己哲學的書你看了幾本，買了幾本？如果你只是因為暢銷，因為別人，因為怎樣怎樣所以買了，那你第一個要檢討的不是書本，應該是你自己。對阿！憑什麼別人說好，你就要用好的標準去評論？對阿！為什麼這本暢銷，就代表你需要去看？這本書的知識點作為普及書，我認為很足夠也很親切。在很多人批評的內容中，要是我沒看到能反駁或是根本沒這些知識點，我就會跳過。以下隨手幫各位列出幾個知識點，也作為文後舉例。△情緒是工具，是有目的△自卑與自卑情結△橫向關係△課體分離△幸福是貢獻△當下想要批評這本書，先來把這幾個議題來說清楚。也就是能夠反駁以下幾點。1.情緒論2.佛洛伊德的理論3.不被責罵也不被鼓勵，這個態度在古文岳陽樓記裡，早就體現。4.人生任務的重要性5.幸福是什麼？6.當下的力量就隨手舉出來的這幾個知識點，已經滿足夠一個人去思想了。我相信拋開個人成見，以學習的心態讀這本書，不可能空手而歸。有人看這本書，想要一朝變鳳凰。有人看這本書，想要抓毛病反駁。(諷刺的跟書中年輕人一拍即合呢)又有多少人看這本書，純粹是想要萃取知識與反覆的思考呢？我看不慣的是當這本書暢銷起來，各種人就眼紅露骨的批判起來。有的人根本沒看，就是想批判「暢銷」。有的人看了，但只想看自己想看到的，就一句「心靈雞湯」。有的人認認真真看了，可是對思考反思的訓練完全不熟悉，就說「這就是勵志書」。愚蠢的人，真的完全沒有在害躁的。我就一句話，「橫向關係」是什麼？幸福是什麼？這書有讓人思索的價值，前提是，你要願意去想。也許你看的書不夠多，哲學普及書隨便找一本，亞里斯多德的幸福也了解一下。你要有對比，才會有思考。簡單的丟下一句話就把這本書打到神廟那類的破書，沒這麼簡單。因為我們都有腦。,14
https://www.books.com.tw/booksComment/memberComment/xxx2405245,https://www.books.com.tw/csss/myacc/images/member-avatar-def.png,Dindon,Lv.1,5,2019/07/29,這本書是少數讓我可以意猶未盡地讀下去，很推!,0
https://www.books.com.tw/booksComment/memberComment/xxx2401257,https://www.books.com.tw/csss/myacc/images/member-avatar-def.png,一定有原因,Lv.2,5,2019/05/21,暢銷書就是沒話說大推,1
https://www.books.com.tw/booksComment/memberComment/xxx3444789,https://www.books.com.tw/csss/myacc/images/member-avatar-def.png,TASYA-STUDIO（TASYA）,Lv.4,5,2019/04/18,過去我們所學習的心理學大多是佛洛伊德式的論點，尤其是「決定論」中的「過去發生的事會影響未來的自我」這一概念。但如今有了阿德勒提出的相反觀點，讓我們能夠思考的面向更為多元。或許有些主張至今要推廣仍然有些難度，但筆者認為，若是每個人都能學習阿德勒式心理學，那些我們從古至今都在追求的「人生的意義」以及「幸福的方法」，或許將不再是無解的「歌德巴赫猜想」。,0
https://www.books.com.tw/booksComment/memberComment/xxx2399580,https://www.books.com.tw/csss/myacc/images/member-avatar-def.png,阿寶,Lv.1,5,2019/04/13,看完書後，不時會去想書中所提的「課題分離」、「所有的煩惱都是來自於人際關係」，覺得講得很有道理，我們為什麼會覺得煩，都是因為跟人想處上出現了一些問題，還有有時候會覺得別人是不是討厭我，在生我的氣，但那又如何，他要討厭我、生我氣，他只有他能決定，我們只要檢討做出某些行為是否是正確、錯誤就好，每個人的認知都不一樣，所以沒有什麼好煩惱的，這是這本書帶給我在生活上一直思考的原動力。,1
https://www.books.com.tw/booksComment/memberComment/xxx2399206,https://www.books.com.tw/csss/myacc/images/member-avatar-def.png,Jys,Lv.1,5,2019/03/30,平凡 不等於 無能,0
https://www.books.com.tw/booksComment/memberComment/xxx2395082,https://www.books.com.tw/csss/myacc/images/member-avatar-def.png,年輕人,Lv.1,1,2018/11/05,當初也是被書名與知名度所吸引而購買的，可是真的意外地看不下去，鼓勵人勵志往前走，不要被過去經驗所牽絆是很好，可是總覺得作者所持的立場是否過於武斷，一直在否定過去的經驗？每個人的背景跟基本條件本來就不同，當然為了有所成就也會需要付出不同程度的代價呀！另外，書中使用大量對話往往為了鋪陳一個很小的、幾句話就講完的概念，看了很久真的覺得浪費時間！,12
https://www.books.com.tw/booksComment/memberComment/xxx2394474,https://www.books.com.tw/csss/myacc/images/member-avatar-def.png,fang,Lv.1,5,2018/10/06,看完了這本書 我一直在想為什麼大家那麼害怕“被討厭”我覺得最深層的根本原因是因為大家都害怕“孤獨”害怕被孤立 被排擠 怕在這個團體中沒有自己的位置  怕自己沒有融入在這個團體中就會無法生存所以開始不停地迎合別人  討好別人  從別人的身上得到認同感 安全感 歸屬感   卻在不知不覺中失去了自我其實認同感  安全感  歸屬感是可以靠自己創造的  不需從別人身上獲得在尊重別人的前提下 認同自己的感受並且能勇敢的表達出來  我覺得這就是一個人的自我價值也許你會擔心  把自己的真心話說出來  會讓別人“討厭”但討厭是他自己的情緒  是他自己的課題   是你無法控制的  所以你無需對他的情緒負責當你不再害怕“孤獨”的時候  才是真正的“自由”所謂的“自由” 就是“做你真正的自己”,5
https://www.books.com.tw/booksComment/memberComment/xxx2399634,https://www.books.com.tw/csss/myacc/images/member-avatar-def.png,千千最可愛,Lv.1,4,2018/08/30,真心推薦給有煩惱的朋友，這本書人大部分的煩惱，其實都是自己給自己的。沒有無法解決的問題，只有不想改變的自己。內容貼近現實且讓人非常有感覺。不過真的要花很多時間一遍又一遍地看，因為這本書的重點太凌亂，都需要自己總結寫在旁邊，不過依然強力推薦給自認為不幸福的朋友喔。,1
https://www.books.com.tw/booksComment/memberComment/xxx2393521,https://www.books.com.tw/csss/myacc/images/member-avatar-def.png,chiaying_1021,Lv.1,3,2018/08/29,當初就是被這書名給莫名地吸引，誰能如此接受被他人討厭卻還必須擁有勇氣?看完後，心中感悟特別深，這是本淺顯易懂卻值得一再思考、回味的書!也因為這本書，可以讓人改變原有的個性，不再那麼執著於一些曾經認為及重要但明明只是小事的事。這是一本我想向任何在人際關係方面出現不解...等的讀者所推薦，相信看完會有很大的收穫。,0
https://www.books.com.tw/booksComment/memberComment/xxx2390467,https://www.books.com.tw/csss/myacc/images/member-avatar-def.png,xoxo,Lv.1,5,2018/05/04,這本書非常容易淺顯易讀，但並不代表不值得購買或細細品味。對於閱讀速度快的人，我建議多反覆咀嚼書中哲學家說的話。一本好書可以改變人的想法，而實踐書中的想法可以改變人的一生。個人對暢銷書的可讀性一直都都是半信半疑，這本哲學不但不枯燥艱澀，非常生活化，我推薦。,4
https://www.books.com.tw/booksComment/memberComment/xxx2396707,https://www.books.com.tw/csss/myacc/images/member-avatar-def.png,焦抹,Lv.3,3,2018/03/12,本書與預期的相當有落差，對於抱持著來看「心理學」書籍的我可說是令人失望。當然，這也是我個人沒有做足功課就直接買書的關係，因此並不怪罪《被討厭的勇氣》。然而我仍只給了它三顆星的評價，這是為什麼呢？以下兩點簡易說明。一、本書採用語錄式，作為入門書籍確實非常的好讀。然而這種方式也使得文章過於冗贅，如果在每個章節後面能有重點統整，我想會更好。二、定義多，但是論證少，且發表的論證面相不廣。本書以年輕人的角度切入，因此對於議題其實有相當侷限。而這套方式究竟要如何普及使用到各種人身上呢？例如對於犯罪、戰爭、家暴或其他背景下的人。目的論固然有它的道理，但本書所提及的層面過於輕忽外力，不免有淪為心靈雞湯之感。以上僅僅是對於《被討厭的勇氣》一書之心得，而本書有二部曲，也就是續篇，也許在看完後我會對於兩位作者岸見、古賀的想法有所改變也不一定。然而就以上兩點而言，我認為本書確實有其不足，因此予以三星評價。個人想法，僅供參考。,9
https://www.books.com.tw/booksComment/memberComment/xxx1411788,https://www.books.com.tw/csss/myacc/images/member-avatar-def.png,故事細膩,Lv.1,4,2018/01/22,這本書給我的感覺，像是啟發了一個...哲學面的世界觀點！書中主要的描述是每個人的世界都是主觀的，經驗的意義要由現在的自己來決定。我有點像是豁然開朗...很多原本不曾想過的觀點..突然出現在我眼前。我要是評價我自己會說..我是一個很自在很自由的人。要是沒人束縛過在意我的自由..我還算自由嗎？看了這本書後我才會想..很多情緒會不會是因為我賦予了它目的..它才往這個方向走。那個達成目的的手段該是用這樣的情形嗎？人生的確是一連串的點，比起結果，當下的滿足感.成就感才是我覺得人生重要的意義。,1
https://www.books.com.tw/booksComment/memberComment/xxx5450968,https://www.books.com.tw/csss/myacc/images/member-avatar-def.png,王金財,Lv.5,5,2017/12/24,真心不騙，百分推薦，絕不踩雷!2015最佳選書(呃..好像是2014出版?)很開心看到這本書在台灣熱賣，這表示這本書能受到台灣民眾的青睞與認同，因為本書所要傳達的主要宗旨就是:負責任的態度，你才是你人生股份有限公司的CEO!而這個責任態度(課題)，我認為是目前許多台灣人所缺乏的，或許更正確的說法是:人類共同所缺乏的。(心理學許多現象，例如自利偏誤等等..)佛洛依德的因果論，阿德勒的目的論，其實各有所長，各有是非，我無法用二元黑白論來說明誰是誰非，因為我認為這兩者互為手足，缺一不可，也就是說這兩者是唇齒相依，缺乏任一方的論述，另一方都無法證明自論為真，藉由兩者論述的互相批判與攻擊與防守之間，真正可貴的事實藉以浮現，珍貴於此。佛洛依德的因果論屬於必然存在現象，這是不可否認的事實，但在因--到--果的這個過程，阿德勒的目的論在這個過程裡當了程咬金，破壞了佛洛依德想藉由因果論一路順暢的直達車。這本書的寫作方式非常[童話書]，閱讀起來平易近人，藉此一路漸漸接近核心概念，而且步步採用批判思考的反駁論述，帶領讀者慢慢了解目的論的概念，但是也由於這樣敘事的方式(目的論)，所以造成了一些副作用，目的論衍生而出的陰謀論!我個人稱為:只要我喜歡，管你去死!這是讀者過於解讀阿德勒的[人我分離的課題]。阿德勒的人我分離課題並不是教導讀者不管別人死活，他只是想告訴這個課題的[界線]，希望讀者認清這個界限，但他並不是要讀者[不管別人死活]。但我也能理解一本書對與每個人都會產生不同的解讀方式，所幸..所幸...第二部出現了!我非常強烈的建議，請將以下三本做為綜合用藥，就像有些強效藥需要搭配胃藥一起服用一樣，1.被討厭的勇氣;2.被討厭的勇氣 二部曲完結篇;3.拋開過去，做你喜歡的自己以上三本都是由 岸見一郎 所著，而且我也建議對阿德勒有興趣的讀者到目前為止只需要購入這三本就綽綽有餘了，請不要再花多餘的冤枉錢購買其它的跟風作品，不論是否為此作者所著。真心不騙，百分推薦，絕不踩雷!,6
https://www.books.com.tw/booksComment/memberComment/xxx1411103,https://www.books.com.tw/csss/myacc/images/member-avatar-def.png,收穫很多～沒接觸過「阿德勒」可以收藏,Lv.1,5,2017/12/21,第一次看阿德勒心理學的書看完收穫非常大，也剛好自己最近考慮換工作裡面很多概念和平常的思考邏輯很不同節錄裡面自己非常喜歡的文字答案，不是由誰來告訴你應該自己親手找才對。從別人那裡得到的答案不過只是頭痛醫頭，腳痛醫腳一點價值都沒有。常常讀到心有戚戚焉非常推薦這本書👍🏻,1
https://www.books.com.tw/booksComment/memberComment/xxx5448888,https://www.books.com.tw/csss/myacc/images/member-avatar-def.png,黃進清,Lv.4,5,2017/12/19,被討厭的勇氣心得報告： 黃進清20171115有人說：「這本書救了他一命！本書擁有魔法！」P6，有可能嗎？一本書能夠救人一命？會不會太誇張了？書上說：沒錯！這是真的！如果讀者能夠相信「目的論」而非「決定論」，他相信自己可以改變自己的命運，而且有「勇氣」去做出改變，他的人生一定會就此重生。一個人幸不幸福的重點不在「客觀事實」，而在「主觀認定」。有人問：人生有什麼任務嗎？P115書上說：阿德勒心理學認為，人生的任務有：1.工作的任務；2.交友的任務；3.愛的任務。而人生的目標就是在相信「自己有能力的」的情況下，進行「依賴」、「獨立」、「互賴」的階段成長過程。P113有人問：什麼是「課題的分離」？P145書上說：所有人際關係中的紛爭，都是因為有人一腳踩進別人的課題裡；或是自己的課題遭到干涉所引起的。要區分這是誰的課題方法很簡單，請想一想「因為這個決定而帶來的結果，最後會由誰來承受！」有人問：人，到底能不能得到幸福？(封底)書上說：可以！本書可以視為提倡「幸福學」的書籍。只要依照書中的步驟：1.相信「目的論」；2.認同所有煩惱都來自於「人際關係」；3.割捨別人的課題；4.脫離以自我為中心的想法；(世界的中心在哪裡？)5.認真活在當下(需要接納自我、信任他人、貢獻他人，從對自己的執著切換到對他人的關心)P232。有人問：追求「人生幸福」有沒有捷徑？書上說：有的，依照阿德勒心理學的想法，最理想的狀態是「人生只要不失去指標，朝著它前進，就有幸福」(P285)，所以我們需要人生導引之星，而這顆星在哪裡？就是「貢獻他人」。只要在自己的領空掛上「貢獻他人」這顆星星，就可以和幸福同在，和朋友同在。,2
https://www.books.com.tw/booksComment/memberComment/xxx1408695,https://www.books.com.tw/csss/myacc/images/member-avatar-def.png,YUYOYO,Lv.3,4,2017/10/02,它不是那種聽了覺得心暖，明天照樣絕望的心靈雞湯；覺得比較像是讀了幾段闔起來思考一番，忽然覺得是當頭棒喝的心靈耳光。這本書透過一問一答的思辯，簡明地呈現阿德勒心理學，從人際關係的角度重新切入所有的不滿 失望 挫折 抱怨 等種種不幸，看了心有戚戚，雖然很難一時改變，但還是影響自己時時提醒不該再行走在追求不幸的道路上，利用軟弱的力量支配他人，對自己不誠實  更逼他人承受；也不該干涉別人的課題，活在他人的期望當中。,2
https://www.books.com.tw/booksComment/memberComment/xxx1407861,https://www.books.com.tw/csss/myacc/images/member-avatar-def.png,阿恆,Lv.1,1,2017/08/30,"恩...,我是個常常閱讀心靈勵志的讀者包含情緒勒索.等書籍我都會買來看而這本書,當然也不例外,但是....真的蠻後悔的....因為我是有看到很多人推薦這本書籍而裡面的內容,真的蠻多自以為是的成分在裡面...更多的是鑽研在先後順序的問題比方說憤怒是[行動]大於情緒 又或是別人不出門上班是他內心自己選擇的[不管他努不努力]或是生活應該是只專注於[現在].而不用去思考未來類似這類的話題...坦白講,我只看的到哲學家為了要說服年輕人,而不斷提出[阿德勒的心理看法]整本書看完後,你會先停頓下來,想想看此書給予你的成長但實際上....卻無法對你人生有什麼幫助你可能在讀的瞬間,會有短暫的嚇到,因為他提出的一些觀點,確實你不會想到但讀完後,你慢慢回想,你才會覺得....講的很好聽,卻一點都不實用...更會覺得哲學家的視野很狹小... 反而覺得年輕人提出的看法,蠻廣闊的~以上為個人看法~有喜歡的人當然可以去看看囉~",28
https://www.books.com.tw/booksComment/memberComment/xxx1407691,https://www.books.com.tw/csss/myacc/images/member-avatar-def.png,rita,Lv.1,2,2017/08/25,"否定心理創傷，心理創傷並不存在---&gt;對於開場第一章說的非常的不認同，而且舉的例子....""嚴格老師教出的學生有些很優秀有些則會責怪老師或是想得到關愛的孩子才有的陰影等等""，感覺到作者本身應該沒有遭受過傷害的同理心情才會舉如此無痛癢的例子敘述此觀念，似乎將所有人的腦袋都設定成了同一物種，還是我誤解這句話的意思?試問，921大地震或是遭逢重大傷害，例如被家暴或有家人被暴力傷害致死的家人，腦袋的陰影是否只是業障重?有些人個性敏感，感受力強，較困難忘掉一些傷痛，有些人神經大條，很容易忘掉不愉快的事情，傷痛程度因人而異，每個人的個性都非常不相同，想辦法幫助需要脫困的人走出陰影才是正確，絕不認同心理創傷要被否認的觀念，因為本人就是受此疾病困住無法脫身而長期痛苦，看到此章當時氣到想摔東西。其他當然有很多贊成的思想，只是針對""心理創傷並不存在""而感到氣憤。rita",11
https://www.books.com.tw/booksComment/memberComment/xxx1406833,https://www.books.com.tw/csss/myacc/images/member-avatar-def.png,Danny,Lv.1,2,2017/07/24,以現在的心理學來看 阿德勒已經過時很久了  就跟佛洛伊德一樣 佛洛伊德算是公認的偽科學了  我是覺得阿德勒也差不多 畢竟現在的心理學是科學的 而不是自己爽的 還有本書和真正阿德勒差異很大 算是作者自己重新解讀的吧 本書只有為自己活 認真活在當下 是正面的 其他我不認同 如果真的對心理學有興趣 建議看這才是心理學,7
https://www.books.com.tw/booksComment/memberComment/xxx2391932,https://www.books.com.tw/csss/myacc/images/member-avatar-def.png,Jifu,Lv.3,5,2017/07/05,被討厭的勇氣，書中的阿德勒思想是我從未聽聞的，真可說是顛覆我的一本書．書中所提的否定心理創傷，所有的煩惱都來於人際關係以及認真活在當下等，都不是我們成長環境中灌輸的想法．想要更深入了解其中內容，絕不是他人幾句話就說的清的，需要自己去閱讀去思索，推薦給大家！書中也提到要將阿德勒思想貫徹在生活中，需要你現在年齡的時間來學習，那我還要學習三十年之久阿！,3
https://www.books.com.tw/booksComment/memberComment/xxx1406029,https://www.books.com.tw/csss/myacc/images/member-avatar-def.png,wordstouched,Lv.1,5,2017/06/24,裡面感觸最深的句子不外乎:『所有煩惱都是人際關係的煩惱』『所謂的自由就是，就是被別人討厭』阿德勒心理學否定創傷，否定決定論他提倡的是目的論本書透過柏拉圖式對話來討論阿德勒心理學透過哲學家和年輕人的對話勾勒出阿德勒心理學的面貌書中的年輕人就好像是在閱讀的我們心中有無限的疑惑有時會會哲學家的論點感到憤度但是哲學家總是可以不及不徐地解釋及引導我們最後讓我們可以更深入地了解何謂阿德勒心理學重拾改變的勇氣理解何謂使用的心理學,2
https://www.books.com.tw/booksComment/memberComment/xxx2433091,https://www.books.com.tw/csss/myacc/images/member-avatar-def.png,史比：評劇｜隨筆,Lv.2,5,2017/06/08,這本書讀起來一氣呵成非常痛快。起初對於這種對話式的內容不抱有太大的閱讀興趣，但是當人生感到困惑的時候，這本書提供了具體的解答以及能夠說服人的解釋。或許是教育的關係，在求學階段往往都只認識佛洛伊德，而他的主張、學說也較容易被接受，對於阿德勒的心理學是較少被認識的。閱讀過程中，一開始看到哲學家說出的話，我的第一個反應總是和年輕人神同步，但是隨著議題探討的越來越深入之後，我開始對年輕人的問題感到不耐煩，因為不少道理其實哲學家在一開始就說明了，因而，如果說這本書有什麼缺點的話，我覺得是可以再精簡一點，說不定能夠討論的夠深更廣。我非常喜歡這本書，不僅僅是「當下」的閱讀感受，阿德勒的心理學是勇氣、自由、愛，這是一本扎扎實實看完後會獲得力量的書，和坊間一些心靈勵志書給人不切合時宜、呼口號的感覺大不相同。願我們都能有被討厭的勇氣。,3
https://www.books.com.tw/booksComment/memberComment/xxx1404887,https://www.books.com.tw/csss/myacc/images/member-avatar-def.png,Dannu,Lv.1,1,2017/05/17,心理創傷是存在的但不代表心理創傷不存在就無法過好生活人必須去面對自己的心理創傷,10
https://www.books.com.tw/booksComment/memberComment/xxx5448589,https://www.books.com.tw/csss/myacc/images/member-avatar-def.png,發,Lv.5,5,2017/05/15,當初看到這本書一直在暢銷 實在是很不懂直到去書店看到這本 拿來翻一翻後 才發現 這真的是一本好書回家後馬上買了一套來看內容以對話的方式進行年輕人的反駁與老師的講解看完真的滿有啟發的可以說一邊看一邊點頭的阿德勒心理學 真的滿特別的~,1
https://www.books.com.tw/booksComment/memberComment/xxx1404428,https://www.books.com.tw/csss/myacc/images/member-avatar-def.png,鷲人,Lv.2,4,2017/04/30,很少見到如此清楚，且直接切入人生問題的書。作者透過故事，強迫每個人面對「真實的自我」，在引用心理學家的李汶，一一解決每個問題。很實用的書。,0
https://www.books.com.tw/booksComment/memberComment/xxx1403584,https://www.books.com.tw/csss/myacc/images/member-avatar-def.png,shushu,Lv.1,5,2017/04/03,買這本書 已經是半年多前的事了。之前讀的時候覺得非常痛苦，覺得那些理論很生硬 很難消化，一天只能看一小節，需要很長的時間去理解與思考，才能懂得它所要表達的，當初跟著大家的推薦買了它，一度感到有些後悔。然而，之後碰到一些低潮，再把這本書拿起，它卻成了我的心靈良藥，它給了一種不一樣的思考邏輯，不是一味的告訴你要正向思考、要樂觀 等等的老生常談，而是提供一個方向、一條思路，讓你自己去為你的困難找到出口。對於陷入人際關係低潮的人抑或為了憂鬱症所苦 或者找不到自己存在的意義的人看看這本書 也許能豁然開朗吧。還有，不知道有沒有花花華晨宇的粉絲看了這本書…😃我覺得這本書的觀點和花花的人生觀竟然意外的有好多契合的地方!有種熟悉和奇妙的感覺! 哈哈,3
https://www.books.com.tw/booksComment/memberComment/xxx2416277,https://www.books.com.tw/csss/myacc/images/member-avatar-def.png,KKK,Lv.1,1,2017/03/25,閱讀起來十分痛苦 沒有共鳴 一點說服力都沒有 實在不是了解為什麼這麼多人推薦這本書,13
https://www.books.com.tw/booksComment/memberComment/xxx1403173,https://www.books.com.tw/csss/myacc/images/member-avatar-def.png,冉珃,Lv.1,4,2017/03/19,"規矩派的傳統日本人哲學思考方式以哲學家&年輕人一問一答的對話內容，引導讀者在社會意識在自我意識之間取得人生哲學的平衡點其中一段討論，可以說是較符合本書的標題"" 所謂的自由，就是被別人討厭．""　這句話對我來說認同，也有矛盾－接受被別人討厭，是一種接受社會意識的消極哲學，如果是真正的自由，根本不需要在意自己是否被別人討厭，做自己即是自由．建議身在亞洲社會讀者可多閱讀歐美作家的分析，相對之下會比日本封閉傳統社會下滋養出來的作者更加積極與正面．但此書對我來說，在重建自我價值的哲學思考方式依然受益良多，很棒的書！！",2
https://www.books.com.tw/booksComment/memberComment/xxx1409165,https://www.books.com.tw/csss/myacc/images/member-avatar-def.png,阿文,Lv.2,4,2017/03/06,很特別的心理學沒有所謂好或所謂壞但覺得可以從不同角度思考人生或很多問題是一件不錯的事也可以發現很多不一樣的心得,0
https://www.books.com.tw/booksComment/memberComment/xxx1401790,https://www.books.com.tw/csss/myacc/images/member-avatar-def.png,平安耕耘,Lv.1,4,2017/02/06,在讀這本書之前，就有稍微知道阿德勒與佛洛伊德是同時期偉大的心理學者，也知道兩人所代表的為兩方學派，而在讀這本書後才發現阿德勒的學說是多麼的異於一般思維，去除因果論而導向目的論，看世界的角度也因此不同。  這本書是藉由哲學家與年輕人的對話點出阿德勒的學說思維，所以本書較為入門，也偏向可以輕鬆的閱讀，通勤時很適合帶著、閒餘時讀，這本書會使你產生：如果有機會還會想深入讀阿德勒的完整學說，相信我，以這種角度看世界，世界就會因你的眼光而改變。  或許是現在不確定的社會讓阿德勒學說一時廣為人知，但不可否認的是，阿德勒帶給我們的不全然是樂觀，而是勇氣，一個以「目的」去「改變」的「勇氣」，並更能在複雜的現代人際關係中，找到「信任」。,2
https://www.books.com.tw/booksComment/memberComment/xxx5442109,https://www.books.com.tw/csss/myacc/images/member-avatar-def.png,KD,Lv.5,4,2017/02/02,在看這本書的過程，一開始對作者想表達的東西，有些部分不是很理解，看到接近一半時大概能懂，然後反過來覺得這個來踢館的學生實在是「（想法）太嫩了！」但我在網路上看到其他人的心得，說這位提問者的問題著實都是他想問的，我想這可能是不同人處於不同人生階段，對事情的體悟自然也會不同，書裡其實也有提到。整體而言，我不是很適應對話式的寫作方式，也就不會再看第二集，但有時間的話，可能會看比較正統一點的阿德勒書籍。下面藉由一些書裡的句子，說說我自己的經驗與想法，或許可以讓大家粗略了解書裡部分的內容。有兩點需要先說明：1.　因為我沒有先讀過阿德勒較正式的作品，不太確定本書中「阿德勒的思想」是否就真的是「阿德勒的思想」。2.　我的想法與感覺就僅止於「我的」想法與感覺，「感想」都是很 personal、因人而異的。開始吧！對當下的「你」來說，井水的冰涼或溫熱是不可動搖的事實。這就是所謂「居住在主觀的世界」、「我們如何看待事物」的這種主觀就是一切，而且是讓人無從逃避的。--p.11現在，你眼中的世界是光怪陸離、複雜而混沌的。可是當你有了改變之後，世界就會回復到單純的樣子。所以，問題不在於世界是什麼樣子，在於你是什麼樣子。--p.11這邊需要一點前情提要（脈絡）。同一個溫度的水（假設是23℃），我們在夏天會覺得涼，在冬天會覺得暖，不變的事實是水的溫度，然而感覺卻不同。同一個事實，會有不同的感受，也會有不同的詮釋，書上說「居住在主觀的世界」、「我們如何看待事物的這種主觀就是一切」是這個意思。首先，這可以和書上另外一段話一起看：阿德勒認為，決定自我的不是「經驗本身」，而是「賦予經驗的意義」。比如遭遇重大災害，或是幼兒時期遭受虐待之類的事，它對人格形成不是完全沒有影響，影響還是很大。重點在於，並不是因為發生了這些事就一定有什麼樣的結果。我們是藉著「賦予過去的經驗什麼意義」來決定自己的一生。人生不是別人給的，是我們自己選擇的。決定要怎麼生活的，是我們自己。--p.35因為感覺與詮釋會因人而異，因此重要的便不再是「事實本身」，而是我們「如何詮釋事實」，也就是「賦予經驗什麼樣的意義」。這樣的觀點在很多地方其實都看得到，海濤法師所說的「假的！」是這個意思，另一個常見的說法：「換個角度，世界便截然不同。」也是同樣道理。幾年前，有一天我加班到很晚，心情不是很美麗。騎車回家途中，停在復興北路地下道的紅綠燈待轉，看見前方一輛機車上，後座的女生緊緊抱著前方的男生，兩人有說有笑，好不親密。也許有人會覺得厭惡、覺得刺眼。但那時我突然想到，在他們兩人眼中，此刻的世界是多麼美好，一想到「原來在我過得不好的時候，還是有人過得好」，剎時整個世界溫暖了起來，心想「果然這個世界還是好的」，我可以因為他人覺得開心，而覺得開心。這個場景是我脫離「憤青」很重要的一步，就因為一個念頭：「原來在我過得不好的時候，還是有人過得好」，世界就從此不同。所以我能理解「賦予意義」、「詮釋角度」的重要與影響。（這個場景還教會我一件事：如果我的眼光能擴及他人，深刻體會到這個世界無時無刻都還有他人，就不會一直執著在「我」，世界也會遼闊很多。）其次，「賦予意義」這件事，我覺得有好處也有壞處。好處是，我們永遠可以把事情往光明面、積極面去解釋，例如：「雖然我現在在吃苦，但吃苦就是吃補，有助於我未來更成功。」因此「壞事」也可能有好的意義，對人生有助益。壞處是，過度或錯誤使用這項能力，可能讓人變得「阿Q」，不再好好地正視事實，去改善狀況。如果遭到虐待，只知賦予虐待「正面的意義」，不思如何阻斷虐待、保護自己，問題或壞事無法改善，受害的還是自己。這跟很多事情都一樣，關鍵在平衡、拿捏，適時適度使用。p.35 有一句話，我覺得也值得探討：人生不是別人給的，是我們自己選擇的。決定要怎麼生活的，是我們自己。--p.35這樣的想法或信念，適用於「面對人生的態度」，適用於擁有「基本運氣」的人，換句話說，常常是生活過得還不錯的人才會說出這句話。例如出生在台灣的我們，有不少人就是屬於「運氣不錯」的族群，出生在中產家庭，社會環境相對安全穩定，享受一定程度的自由。同樣在台灣，有一部分人就沒有這種運氣，可能出生在相對貧窮的縣市，破碎的家庭或者隔代教養，由於家境不寬裕，從小（可能國小開始）就必須花很多時間分擔家計，教育與公共資源可能也短缺，種種不利的先天因素，讓這些人可能在實質生活上沒辦法大聲說出「決定要怎麼生活的，是我們自己。」並不是符合上述情境的都注定是相對「不成功」的人（如果我們用錢賺得多不多來衡量），我們身邊都有一些雖然出身不是很好，但努力擁有專長的朋友，可是也不能忘記，有些運氣更不好的人。在台灣尚且如此，若出生在更貧窮的國家，更動盪、不安全、不公平的社會，更缺乏教育資源的地方，即便他們付出同樣的努力，甚至更努力，仍舊很難改變物質生活。對這些人而言，「人生不是別人給的，是我們自己選擇的。決定要怎麼生活的，是我們自己。」在物質面聽起來就比較沒有說服力了。你對一個下一餐都不知道在哪裡的人說：「你的生活都是你自己選擇的。」不覺得哪裡怪怪的嗎？以前我認為「不成功」的人是因為他們不夠努力，這思維的背後其實是「我的成果都是我努力來的」，同時也將付出與成果中間簡化為直線關係，卻忽略了「運氣」這個因素，而顯得自大傲慢、不知感恩。我出生在中產家庭，小時候沒有得小兒麻痺，遇到好的老師，至今沒有被車撞死﹍﹍，這些都不是我「努力」來的，如果沒有這些運氣，我還會像現在一樣嗎？老實說我沒有把握。當我認知到「運氣」在「成就」中間扮演如此重要的角色後，就不免會更在意「環境」的重要，同時也變得更謙虛一些。現在我覺得，運氣和努力都是「成功」（指能完成自己想做的事）不可或缺的要素，前者的重要性可能比我們認為的還大很多。（這和心理學的一項偏誤有關。）如果我們是幸運的一群人，這句話就比較適用。如果我們真的有某種程度的選擇權或自由，那生活在某種程度上就是我們自己選的。有些時候，選擇並不是很外顯，而是比較隱晦，是透過價值觀做出排序，進而影響我們的行動，這也是我們自己的選擇，雖然有時很難察覺。人並非受制於過去的原因而行動，而是朝向自己決定好的目的而行動。--p.44重要的不是你經歷了什麼，而是你如何運用它。--p.49這應該是阿德勒思想中很重要的一部分，即「目的論」。你在人生的某個階段選擇了「不幸」。不是因為你生在不幸的環境中，也不是因為你陷入不幸的狀況，而是因為你判斷這種「不幸」對自己是一種「善」--p.52。這裡的「善」與道德上的好壞無關，而是指「有用」，換句話說，「沒有用」便是「惡」，作者說這是希臘語中善與惡的意思。（或者是古希臘？）上面那句話的意思是指，我們之所以「選擇」了不幸，是因為那個「不幸」對我們「有用」，我們想要「利用」那個不幸。「目的論」可以連同上述「賦予意義」一起理解。阿德勒認為「我們每個人都會因為某些『目的』而活著」（p.37），那個「目的」很難察覺，不是「我想當科學家」、「我要賺很多錢」這種，書中有個例子：我有一位年輕朋友，他夢想成為小說家，卻一直沒有寫出什麼作品。他的說法是，因為工作太忙，沒有時間讓他隨心所欲地寫小說，結果當然沒有寫出東西來，更別說參加什麼文學獎甄選了。事情真的是這樣嗎？事實上，他只是藉著不參加甄選，保留一點「只要我願意，一定做得到」的可能性。他不想被人批評，更不想面對自己那麼糟糕的作品萬一落選的現實。他只想活在「只要時間夠的話，我也可以」「只要環境許可，我也能寫」或是「我真的有才華」的各種可能性之中。再過個五年、十年，他應該就會開始找別的理由，像是「我已經老了」或「我有家庭要顧」之類的藉口吧。--p.60按照作者（或阿德勒）的說法，這位想成為小說家的人，他的目的其實是「活在『我有才華，只是環境不允許』的粉紅泡泡裡」，而不是「成為小說家」，他將經歷到的「不幸」（工作忙），賦予了「阻礙我實現目標」的意義，利用「工作忙」這個不幸，達到「活在粉紅泡泡裡」的目的。以此標準，阿德勒的心理學其實是對自己非常嚴苛的，如果拿他的說法去「攻擊」別人（或者說是「揭開真相」），力道也很強，這種事情在我年輕不懂事的時候做過一次。有一次我和朋友去看電影，開演前去旁邊買吃的，店員和我朋友聊了起來，他說他也很想去看我們要看的電影，我就在旁邊默默補了一句：「放心，如果你真的想看，你就一定看得到。」我想說的是，「看電影」沒有排在他「行動清單」很前面的地方，其實他並沒有「真的」「很想看」，或者，那個「很想」還不夠想。這就是前面我提到的，有些選擇是比較隱晦的，但它仍舊影響我們的行動，其實我們還是做了選擇。阿德勒否定「心理創傷」，認為所有的人都能改變、都能幸福、都要活在當下，似乎都可以從「目的論」和「賦予意義」出發去理解。但如同我所說，這是很嚴格的看法，拿來要求自己可以，若想以此去「戳破」別人，要三思。後來我覺得，每個人有每個人的人生，每個人有自己的人生功課，也有自己的快樂和痛苦要經歷，拿自己的道德去要求別人，如果不在那個時間點，沒有機緣，後果不僅是徒勞，還可能破壞彼此的關係。每個人有自己的人生，又何需我多管閒事？（這和下面內容有關。）不和任何人競爭，只要向前跨步就行，更不需要拿別人和自己做比較。健全的自卑感並不是和別人比較而產生的，是跟「理想中的自己」比較後的結果。--p.95認真地在這一剎那跳著自己的舞，認真地生活。不看過去，也不看未來。像跳舞一樣，活在每個終結的剎那中。不必與誰競爭，也不需要目的地。只要你一直跳著，就會到達某個地方。所謂的「實現式人生」就是這麼一回事。就我自己而言，不論我如何回顧過去，都無法清楚說明自己為什麼來到了「此時、此刻」。--p.286在目前的社會環境中，不和別人比較其實很難做到，工作的人三不五時就要績效考核，學生三不五時就要考試排名，甚至老師每學期都要接受教學評鑑。我比較有印象的是國中時，我媽媽每次考完試都會跟我說：「不要跟別人比，跟你自己比就好。」或許是因為這樣，我覺得現在的我稍稍能在心裡做到不和別人比較，但外在力量要將我拿去「被比較」就不是我可以控制的，而這大概也是書裡的「分離課題」（第三夜的主題）。離題說一下「分離課題」，和我喜歡的一句英語諺語有關：「別人怎麼對你，不能決定你是誰；你怎麼對別人，才能決定你是誰。」然而「跟自己比」也要很小心，因為比較的對象是「理想中的自己」，換句話說，若使用不當，這是鼓勵我們「追求完美」，而完美是永遠無法企及的，因此這麼做的人可能反而陷入永遠自卑的困境。我的想法是，這和管理學談「變革」很像，我們需要「立即性的小成功」來鼓舞自己、激勵自己，告訴自己「我做得到」、「我做得還不錯」、「我還可以更好」。也就是說，我們一邊望向遙不可及的、理想中的自己，一邊每天進步一點，不貪心，對每天的小小前進都要覺得開心、有成就感，偶爾停滯甚至後退也都沒有關係，心也需要休息，只要目標清晰，慢慢走，每天都會是更好的自己，這樣就很足夠。過分逼迫自己，怕把自己弄成沒有彈性的橡皮筋，只能斷裂。老話一句，關鍵在平衡與拿捏。「不需有目的地」可能一般人比較不懂或無法接受，這讓我想到，有次和幾位前輩聚會，其中一位說：「很多時候，成功不見得會出現在你期待的地方。」就像書中的哲學家所言，他原本想學希臘哲學，後來卻研究起阿德勒的心理學。我們身邊可能也會有這樣的朋友，或者曾經聽到某些創業者的經歷，也是這樣，甚至連創業書籍愛用的 pivot 一字，也是這個意思。在個人層次，「理想中的自己」是會變的，例如我們國中時想成為的人，和後來大學時想成為的人，很可能是不同的，因此人生方向出現大轉彎也是合理的。我們可以把「理想中的自己」當作遙遠的指引，同時要保持彈性，改變了也沒有不好，不管變成什麼樣子，我們就是每天往那個方向前進一些，而且為自己的小小進步感到小小歡欣。你會希望「十年前早知道就好」的這個想法，其實是因為阿德勒思想讓「現在的你」有了共鳴。如果是十年前的你會怎麼想，誰也不知道。只能說，應該了解這些事的，是現在的你。--p.288這和我前面所說的有點共鳴，要想理解什麼、體會什麼、領悟什麼，都需要一定的前置作業、一定的過程與累積，時間到了、機緣到了，某件事情、某個場景就會發揮臨門一腳的關鍵作用，讓我們有所體會。就像陳奕迅《苦瓜》的歌詞：「大概今生有些事／是提早都不可以／明白其妙處」。每個人的生命歷程不同，領悟到的道理不同，看到的世界也不同，不可能要求別人要和我們有一樣的世界觀或生命觀，畢竟每個人都只能體驗到某些面向的世界和人生，每個人對生命與世界的理解都是片面的。（正常來說是這樣，因此我們一定要謙卑。）如果我們急著把自己的經驗「分享」給別人（說教），可能會有《禪與摩托車維修的藝術》提到的狀況：在約翰真心求助之前，別人主動去幫忙，他只會排斥。--p.25以上大概就是我記得要寫下來的，還是要不厭其煩再說一次，我的想法就只是「我的」想法，一定是片面的、很 personal 的，記錄下來只對我自己有意義，我不在意對別人是否也有意義（分離課題，我有濫用嗎？哈哈）。,17
https://www.books.com.tw/booksComment/memberComment/xxx5442109,https://www.books.com.tw/csss/myacc/images/member-avatar-def.png,KD,Lv.5,4,2017/02/02,在看這本書的過程，一開始對作者想表達的東西，有些部分不是很理解，看到接近一半時大概能懂，然後反過來覺得這個來踢館的學生實在是「（想法）太嫩了！」但我在網路上看到其他人的心得，說這位提問者的問題著實都是他想問的，我想這可能是不同人處於不同人生階段，對事情的體悟自然也會不同，書裡其實也有提到。下面藉由一些書裡的句子，說說我自己的經驗與想法，或許可以讓大家粗略了解書裡部分的內容。有兩點需要先說明：1　因為我沒有先讀過阿德勒較正式的作品，不太確定本書中「阿德勒的思想」是否就真的是「阿德勒的思想」。2　我的想法與感覺就僅止於「我的」想法與感覺，「感想」都是很 personal、因人而異的。開始吧！對當下的「你」來說，井水的冰涼或溫熱是不可動搖的事實。這就是所謂「居住在主觀的世界」、「我們如何看待事物」的這種主觀就是一切，而且是讓人無從逃避的。--p.11現在，你眼中的世界是光怪陸離、複雜而混沌的。可是當你有了改變之後，世界就會回復到單純的樣子。所以，問題不在於世界是什麼樣子，在於你是什麼樣子。--p.11這邊需要一點前情提要（脈絡）。同一個溫度的水（假設是23℃），我們在夏天會覺得涼，在冬天會覺得暖，不變的事實是水的溫度，然而感覺卻不同。同一個事實，會有不同的感受，也會有不同的詮釋，書上說「居住在主觀的世界」、「我們如何看待事物的這種主觀就是一切」是這個意思。首先，這可以和書上另外一段話一起看：阿德勒認為，決定自我的不是「經驗本身」，而是「賦予經驗的意義」。比如遭遇重大災害，或是幼兒時期遭受虐待之類的事，它對人格形成不是完全沒有影響，影響還是很大。重點在於，並不是因為發生了這些事就一定有什麼樣的結果。我們是藉著「賦予過去的經驗什麼意義」來決定自己的一生。人生不是別人給的，是我們自己選擇的。決定要怎麼生活的，是我們自己。--p.35因為感覺與詮釋會因人而異，因此重要的便不再是「事實本身」，而是我們「如何詮釋事實」，也就是「賦予經驗什麼樣的意義」。這樣的觀點在很多地方其實都看得到，海濤法師所說的「假的！」是這個意思，另一個常見的說法：「換個角度，世界便截然不同。」也是同樣道理。幾年前，有一天我加班到很晚，心情不是很美麗。騎車回家途中，停在復興北路地下道的紅綠燈待轉，看見前方一輛機車上，後座的女生緊緊抱著前方的男生，兩人有說有笑，好不親密。也許有人會覺得厭惡、覺得刺眼。但那時我突然想到，在他們兩人眼中，此刻的世界是多麼美好，一想到「原來在我過得不好的時候，還是有人過得好」，剎時整個世界溫暖了起來，心想「果然這個世界還是好的」，我可以因為他人覺得開心，而覺得開心。這個場景是我脫離「憤青」很重要的一步，就因為一個念頭：「原來在我過得不好的時候，還是有人過得好」，世界就從此不同。所以我能理解「賦予意義」、「詮釋角度」的重要與影響。（這個場景還教會我一件事：如果我的眼光能擴及他人，深刻體會到這個世界無時無刻都還有他人，就不會一直執著在「我」，世界也會遼闊很多。）其次，「賦予意義」這件事，我覺得有好處也有壞處。好處是，我們永遠可以把事情往光明面、積極面去解釋，例如：「雖然我現在在吃苦，但吃苦就是吃補，有助於我未來更成功。」因此「壞事」也可能有好的意義，對人生有助益。壞處是，過度或錯誤使用這項能力，可能讓人變得「阿Q」，不再好好地正視事實，去改善狀況。如果遭到虐待，只知賦予虐待「正面的意義」，不思如何阻斷虐待、保護自己，問題或壞事無法改善，受害的還是自己。這跟很多事情都一樣，關鍵在平衡、拿捏，適時適度使用。p.35 有一句話，我覺得也值得探討：人生不是別人給的，是我們自己選擇的。決定要怎麼生活的，是我們自己。--p.35這樣的想法或信念，適用於「面對人生的態度」，適用於擁有「基本運氣」的人，換句話說，常常是生活過得還不錯的人才會說出這句話。例如出生在台灣的我們，有不少人就是屬於「運氣不錯」的族群，出生在中產家庭，社會環境相對安全穩定，享受一定程度的自由。同樣在台灣，有一部分人就沒有這種運氣，可能出生在相對貧窮的縣市，破碎的家庭或者隔代教養，由於家境不寬裕，從小（可能國小開始）就必須花很多時間分擔家計，教育與公共資源可能也短缺，種種不利的先天因素，讓這些人可能在實質生活上沒辦法大聲說出「決定要怎麼生活的，是我們自己。」並不是符合上述情境的都注定是相對「不成功」的人（如果我們用錢賺得多不多來衡量），我們身邊都有一些雖然出身不是很好，但努力擁有專長的朋友，可是也不能忘記，有些運氣更不好的人。在台灣尚且如此，若出生在更貧窮的國家，更動盪、不安全、不公平的社會，更缺乏教育資源的地方，即便他們付出同樣的努力，甚至更努力，仍舊很難改變物質生活。對這些人而言，「人生不是別人給的，是我們自己選擇的。決定要怎麼生活的，是我們自己。」在物質面聽起來就比較沒有說服力了。你對一個下一餐都不知道在哪裡的人說：「你的生活都是你自己選擇的。」不覺得哪裡怪怪的嗎？以前我認為「不成功」的人是因為他們不夠努力，這思維的背後其實是「我的成果都是我努力來的」，同時也將付出與成果中間簡化為直線關係，卻忽略了「運氣」這個因素，而顯得自大傲慢、不知感恩。我出生在中產家庭，小時候沒有得小兒麻痺，遇到好的老師，至今沒有被車撞死﹍﹍，這些都不是我「努力」來的，如果沒有這些運氣，我還會像現在一樣嗎？老實說我沒有把握。當我認知到「運氣」在「成就」中間扮演如此重要的角色後，就不免會更在意「環境」的重要，同時也變得更謙虛一些。現在我覺得，運氣和努力都是「成功」（指能完成自己想做的事）不可或缺的要素，前者的重要性可能比我們認為的還大很多。（這和心理學的一項偏誤有關。）如果我們是幸運的一群人，這句話就比較適用。如果我們真的有某種程度的選擇權或自由，那生活在某種程度上就是我們自己選的。有些時候，選擇並不是很外顯，而是比較隱晦，是透過價值觀做出排序，進而影響我們的行動，這也是我們自己的選擇，雖然有時很難察覺。人並非受制於過去的原因而行動，而是朝向自己決定好的目的而行動。--p.44重要的不是你經歷了什麼，而是你如何運用它。--p.49這應該是阿德勒思想中很重要的一部分，即「目的論」。你在人生的某個階段選擇了「不幸」。不是因為你生在不幸的環境中，也不是因為你陷入不幸的狀況，而是因為你判斷這種「不幸」對自己是一種「善」--p.52。這裡的「善」與道德上的好壞無關，而是指「有用」，換句話說，「沒有用」便是「惡」，作者說這是希臘語中善與惡的意思。（或者是古希臘？）上面那句話的意思是指，我們之所以「選擇」了不幸，是因為那個「不幸」對我們「有用」，我們想要「利用」那個不幸。「目的論」可以連同上述「賦予意義」一起理解。阿德勒認為「我們每個人都會因為某些『目的』而活著」（p.37），那個「目的」很難察覺，不是「我想當科學家」、「我要賺很多錢」這種，書中有個例子：我有一位年輕朋友，他夢想成為小說家，卻一直沒有寫出什麼作品。他的說法是，因為工作太忙，沒有時間讓他隨心所欲地寫小說，結果當然沒有寫出東西來，更別說參加什麼文學獎甄選了。事情真的是這樣嗎？事實上，他只是藉著不參加甄選，保留一點「只要我願意，一定做得到」的可能性。他不想被人批評，更不想面對自己那麼糟糕的作品萬一落選的現實。他只想活在「只要時間夠的話，我也可以」「只要環境許可，我也能寫」或是「我真的有才華」的各種可能性之中。再過個五年、十年，他應該就會開始找別的理由，像是「我已經老了」或「我有家庭要顧」之類的藉口吧。--p.60按照作者（或阿德勒）的說法，這位想成為小說家的人，他的目的其實是「活在『我有才華，只是環境不允許』的粉紅泡泡裡」，而不是「成為小說家」，他將經歷到的「不幸」（工作忙），賦予了「阻礙我實現目標」的意義，利用「工作忙」這個不幸，達到「活在粉紅泡泡裡」的目的。以此標準，阿德勒的心理學其實是對自己非常嚴苛的，如果拿他的說法去「攻擊」別人（或者說是「揭開真相」），力道也很強，這種事情在我年輕不懂事的時候做過一次。有一次我和朋友去看電影，開演前去旁邊買吃的，店員和我朋友聊了起來，他說他也很想去看我們要看的電影，我就在旁邊默默補了一句：「放心，如果你真的想看，你就一定看得到。」我想說的是，「看電影」沒有排在他「行動清單」很前面的地方，其實他並沒有「真的」「很想看」，或者，那個「很想」還不夠想。這就是前面我提到的，有些選擇是比較隱晦的，但它仍舊影響我們的行動，其實我們還是做了選擇。阿德勒否定「心理創傷」，認為所有的人都能改變、都能幸福、都要活在當下，似乎都可以從「目的論」和「賦予意義」出發去理解。但如同我所說，這是很嚴格的看法，拿來要求自己可以，若想以此去「戳破」別人，要三思。後來我覺得，每個人有每個人的人生，每個人有自己的人生功課，也有自己的快樂和痛苦要經歷，拿自己的道德去要求別人，如果不在那個時間點，沒有機緣，後果不僅是徒勞，還可能破壞彼此的關係。每個人有自己的人生，又何需我多管閒事？（這和下面內容有關。）不和任何人競爭，只要向前跨步就行，更不需要拿別人和自己做比較。健全的自卑感並不是和別人比較而產生的，是跟「理想中的自己」比較後的結果。--p.95認真地在這一剎那跳著自己的舞，認真地生活。不看過去，也不看未來。像跳舞一樣，活在每個終結的剎那中。不必與誰競爭，也不需要目的地。只要你一直跳著，就會到達某個地方。所謂的「實現式人生」就是這麼一回事。就我自己而言，不論我如何回顧過去，都無法清楚說明自己為什麼來到了「此時、此刻」。--p.286在目前的社會環境中，不和別人比較其實很難做到，工作的人三不五時就要績效考核，學生三不五時就要考試排名，甚至老師每學期都要接受教學評鑑。我比較有印象的是國中時，我媽媽每次考完試都會跟我說：「不要跟別人比，跟你自己比就好。」或許是因為這樣，我覺得現在的我稍稍能在心裡做到不和別人比較，但外在力量要將我拿去「被比較」就不是我可以控制的，而這大概也是書裡的「分離課題」（第三夜的主題）。離題說一下「分離課題」，和我喜歡的一句英語諺語有關：「別人怎麼對你，不能決定你是誰；你怎麼對別人，才能決定你是誰。」然而「跟自己比」也要很小心，因為比較的對象是「理想中的自己」，換句話說，若使用不當，這是鼓勵我們「追求完美」，而完美是永遠無法企及的，因此這麼做的人可能反而陷入永遠自卑的困境。我的想法是，這和管理學談「變革」很像，我們需要「立即性的小成功」來鼓舞自己、激勵自己，告訴自己「我做得到」、「我做得還不錯」、「我還可以更好」。也就是說，我們一邊望向遙不可及的、理想中的自己，一邊每天進步一點，不貪心，對每天的小小前進都要覺得開心、有成就感，偶爾停滯甚至後退也都沒有關係，心也需要休息，只要目標清晰，慢慢走，每天都會是更好的自己，這樣就很足夠。過分逼迫自己，怕把自己弄成沒有彈性的橡皮筋，只能斷裂。老話一句，關鍵在平衡與拿捏。「不需有目的地」可能一般人比較不懂或無法接受，這讓我想到，有次和幾位前輩聚會，其中一位說：「很多時候，成功不見得會出現在你期待的地方。」就像書中的哲學家所言，他原本想學希臘哲學，後來卻研究起阿德勒的心理學。我們身邊可能也會有這樣的朋友，或者曾經聽到某些創業者的經歷，也是這樣，甚至連創業書籍愛用的 pivot 一字，也是這個意思。在個人層次，「理想中的自己」是會變的，例如我們國中時想成為的人，和後來大學時想成為的人，很可能是不同的，因此人生方向出現大轉彎也是合理的。我們可以把「理想中的自己」當作遙遠的指引，同時要保持彈性，改變了也沒有不好，不管變成什麼樣子，我們就是每天往那個方向前進一些，而且為自己的小小進步感到小小歡欣。你會希望「十年前早知道就好」的這個想法，其實是因為阿德勒思想讓「現在的你」有了共鳴。如果是十年前的你會怎麼想，誰也不知道。只能說，應該了解這些事的，是現在的你。--p.288這和我前面所說的有點共鳴，要想理解什麼、體會什麼、領悟什麼，都需要一定的前置作業、一定的過程與累積，時間到了、機緣到了，某件事情、某個場景就會發揮臨門一腳的關鍵作用，讓我們有所體會。就像陳奕迅《苦瓜》的歌詞：「大概今生有些事／是提早都不可以／明白其妙處」。每個人的生命歷程不同，領悟到的道理不同，看到的世界也不同，不可能要求別人要和我們有一樣的世界觀或生命觀，畢竟每個人都只能體驗到某些面向的世界和人生，每個人對生命與世界的理解都是片面的。（正常來說是這樣，因此我們一定要謙卑。）如果我們急著把自己的經驗「分享」給別人（說教），可能會有《禪與摩托車維修的藝術》提到的狀況：在約翰真心求助之前，別人主動去幫忙，他只會排斥。--p.25以上大概就是我記得要寫下來的，還是要不厭其煩再說一次，我的想法就只是「我的」想法，一定是片面的、很 personal 的，記錄下來只對我自己有意義，我不在意對別人是否也有意義（分離課題，我有濫用嗎？哈哈）。,7
https://www.books.com.tw/booksComment/memberComment/xxx3447481,https://www.books.com.tw/csss/myacc/images/member-avatar-def.png,Ryoha,Lv.3,5,2017/01/23,在排行榜上這本書一直是暢銷書，自然會讓人對它很好奇，看完後讓人對於事情有不同的感受，用不同於以往的角度看事情，很適合隨時拿出來翻一翻。,0
https://www.books.com.tw/booksComment/memberComment/xxx1401274,https://www.books.com.tw/csss/myacc/images/member-avatar-def.png,liu,Lv.2,5,2017/01/20,我們長期受佛洛伊德等人的思想教育，阿德勒的思想有許多和我們所想的相左，看完此書後，可以讓我們用不一樣的角度看世界，有不同的思維！,0
https://www.books.com.tw/booksComment/memberComment/xxx1401274,https://www.books.com.tw/csss/myacc/images/member-avatar-def.png,liu,Lv.2,4,2017/01/20,在我們台灣的教育體系下，多是接受佛洛伊德的理論。阿德勒的相關理論有許多是和我們所熟悉的想法相佐的，看了這本書後，可以讓我們用另一種角度看世界。,0
https://www.books.com.tw/booksComment/memberComment/xxx1401097,https://www.books.com.tw/csss/myacc/images/member-avatar-def.png,簡報超人,Lv.3,5,2017/01/19,這本書真的會讓人欲罷不能，不知不覺就閱讀完整本書了，而且還會想要再重看好幾遍，因為書中的對話實在非常有趣，而且也非常有意義，值得推薦。,1
https://www.books.com.tw/booksComment/memberComment/xxx1401165,https://www.books.com.tw/csss/myacc/images/member-avatar-def.png,HY Chan,Lv.3,5,2017/01/19,從日本離開後，常常因為太替他人著想、太顧慮別人的看法，而造成自己無謂的困擾，直到看了這本書，讓我恍然大悟，知道自己的人生該為自己而活。,0
https://www.books.com.tw/booksComment/memberComment/xxx1401041,https://www.books.com.tw/csss/myacc/images/member-avatar-def.png,kk,Lv.1,5,2017/01/19,要討好所有人往往讓所有人討厭，要有被討厭的勇氣，才能有足夠的勇氣面對生活。閱讀這本書可以讓被生活、人際、工作......折磨的心情得到安撫......,0
https://www.books.com.tw/booksComment/memberComment/xxx1401008,https://www.books.com.tw/csss/myacc/images/member-avatar-def.png,單車人,Lv.2,5,2017/01/19,被討厭一點都不可怕，只要我們知道自己為何被討厭，問心無愧最重要，即使我們是非常正直的人，都還是有可能被別人討厭，閱讀這本書後，真的可以重拾那份心中的勇氣！,1
https://www.books.com.tw/booksComment/memberComment/xxx1400857,https://www.books.com.tw/csss/myacc/images/member-avatar-def.png,Jessica,Lv.1,5,2017/01/16,很棒的一本書～看完之後發現許多事情只需要笑笑而已值得回味,0
https://www.books.com.tw/booksComment/memberComment/xxx1400867,https://www.books.com.tw/csss/myacc/images/member-avatar-def.png,旅鼠,Lv.1,3,2017/01/16,書中有些內容值得讓人思考，除此之外大部分都是一些心理學書籍就常常提到的概念，我個人認為有一點點過譽。整體而言是一本中規中矩的書，也許是我在朋友的推薦下對此書期望過高，才會有多餘的期待，每看一章節都希望能看見更多「進階內容」，但到頭來還是只有在表皮抓癢而已。但反過來想，也可能是作者的目標群就是鎖定普羅大眾，才會有這種「搔不到癢處」的感覺吧。,1
https://www.books.com.tw/booksComment/memberComment/xxx1400543,https://im2.book.com.tw/image/getImage?i=https://addons.books.com.tw/G/ADbanner/2024/01/person_07.png&v=65a0fdcek&w=80&h=80,魚的臉,Lv.1,5,2017/01/11,改變需要的是內發的渴望，不是單靠環境與他人去影響。每個人都有改變的潛力，只要你願意拿出你的勇氣面對陌生道路沿途的風景！好書，激發你的新思維與促進內省。,1
https://www.books.com.tw/booksComment/memberComment/xxx1400364,https://www.books.com.tw/csss/myacc/images/member-avatar-def.png,柯偉欽,Lv.1,5,2017/01/09,看完我倒覺得我是不是個怪人 我到是不跟書裡所說的一樣 就算我知道我會被朋友討厭被女朋友討厭被家人討厭 但我還是會想把我想說想做的做出來 當然不一定是壞事 說真的我到因為這樣跟女朋有吵過無數次 但我不覺得我有錯阿 女生是該被寵 但在於是怎麼寵 包容一切嗎 我到不覺得這樣好 是非對錯就因該說出來 做自己 妳是妳自己的妳不屬於任何人,0
https://www.books.com.tw/booksComment/memberComment/xxx1400183,https://www.books.com.tw/csss/myacc/images/member-avatar-def.png,YAYU,Lv.2,4,2017/01/07,當我們在選擇自由自在和與現實妥協時，總會有所失準，而這本「被討厭的勇氣」，利用阿德勒學派為基礎，告訴我們在人生道路上所應追尋，當你選擇自由，不再阿諛奉承，不再鄉愿，能得到自由，但也要承擔所謂的「討厭」與「孤獨感」，如果是你，你要如何選擇？這本書用很特別的呈現方式敘述書本內容，很值得一看的書籍,0
https://www.books.com.tw/booksComment/memberComment/xxx3441772,https://www.books.com.tw/csss/myacc/images/member-avatar-def.png,小嫻,Lv.3,4,2017/01/06,因為這本書而認識了阿德勒心理學，有許多觀念與我們原有的認知不同，像是佛洛伊德的「決定論」與阿德勒的「目的論」，這部分仍有許多不認同，無法被完全說服，但確是可以讓人細細思考的論點。        個人認為最大的收穫，也同時是最讚同的論點：人生最大的謊言，就是沒有活在「當下」，沈溺過去，不斷張望未來。提醒著自己要好好把握當下、活在當下。,0
https://www.books.com.tw/booksComment/memberComment/xxx1400000,https://www.books.com.tw/csss/myacc/images/member-avatar-def.png,Jessie,Lv.1,5,2017/01/05,"剛開始買這本書，只把他當作是購買""暢銷書籍""來看看。後來看到後，發現""阿德勒""心理學家對於人的心理探討有別於其他的心理學家，而本書作者，用兩位人物的問答方式來讓大家理解阿德勒心理學家的理論。看完後有一種豁然開朗之感覺。",0
https://www.books.com.tw/booksComment/memberComment/xxx1399361,https://www.books.com.tw/csss/myacc/images/member-avatar-def.png,老皮,Lv.1,4,2016/12/26,"看完了[被討厭的勇氣],之前在書店匆匆一瞥幾頁,以為是在講述阿德勒的心理學,是具有科學性的辯證,讓我對它大感興趣!      但我整本看完後覺得我之前太吹捧此書了!它從哲學觀點出發,完全就是要顛覆習以為常的思維模式,從自我對於""價值""的重新定義,雖然也是要讀者改變想法,但有別於一般的勵志書,將其以阿德勒的理論包裝地更加嚴謹性!      而我沒有要否定此書的意思,因為看完後還是讓我感到充實,也願意從此書的思考模式來調整自己,不害怕被別人討厭,重新定義自己的幸福!",0
https://www.books.com.tw/booksComment/memberComment/xxx1399274,https://www.books.com.tw/csss/myacc/images/member-avatar-def.png,維,Lv.2,4,2016/12/23,當我們在選擇自由自在和與現實妥協時，總會有所失準，而這本「被討厭的勇氣」，利用阿德勒學派為基礎，告訴我們在人生道路上所應追尋，當你選擇自由，不再阿諛奉承，不再鄉愿，能得到自由，但也要承擔所謂的「討厭」與「孤獨感」，如果是你，你要如何選擇？,0
https://www.books.com.tw/booksComment/memberComment/xxx1401270,https://www.books.com.tw/csss/myacc/images/member-avatar-def.png,Iris,Lv.2,5,2016/12/22,前些日子，在工作上，第一次遇到被同事討厭的情形，極度沮喪、自我懷疑，甚至不知應該如何應對。直到看了這本書，完全啟發了我，讓我豁然開朗，於是不僅做了書摘作為座右銘，時時提醒自己，更買了一本作為朋友的生日禮物，希望幫助他走出困境。特別記得的句子有：「所有的煩惱都是人際關係上的煩惱。最大的不幸是不喜歡自己。世界不是其他人可以幫我改變的，而是只有「我」才能改變它。」這幾個月，我的情況確實改善很多，感謝這本書！,0
https://www.books.com.tw/booksComment/memberComment/xxx1398734,https://www.books.com.tw/csss/myacc/images/member-avatar-def.png,ivy,Lv.1,5,2016/12/14,阿德勒心理學是一座寶山，不管是誰都能挖到寶藏,0
https://www.books.com.tw/booksComment/memberComment/xxx1400885,https://www.books.com.tw/csss/myacc/images/member-avatar-def.png,聆庸,Lv.2,4,2016/12/14,"這是一本藉由師徒對話來解釋阿德勒心理學實際上該如何應用的過程 , 阿德勒心理學最終的目的是為了讓人及社會達到更美好 , 理想的境界 , 如果單純用一個人的角度來閱讀此書 , 是很好解釋和教導人生該如何在生活中面對逆境的壓力 .但就一個社會及團體來看的話 , 作者並沒有很詳盡地解釋如何在「被討厭的個人」以及「建構理想社會」之間的衝突作解釋 , 我想這也是阿德勒心理學的矛盾 , 與其說閱讀本書後就可以擁有「被討厭的勇氣」不如說用阿德勒心理學去應對現代社會中無盡的衝突與矛盾讓自己的心理更能豁然 , 坦然面對人生逆境.",1
https://www.books.com.tw/booksComment/memberComment/xxx1398656,https://www.books.com.tw/csss/myacc/images/member-avatar-def.png,Watanabe Y.,Lv.2,4,2016/12/12,本書用口語化的方式講述『自我與他人權利劃分』和『肯定每個人都有價值』兩點而書名的全意則是：活得自由，就會被人討厭，有勇氣做自己，就能活得自由。可以看作淺言之的法律人權概念和的社會契約論建立點，非常淺意好懂，但沒有人際應對等細節。,0
https://www.books.com.tw/booksComment/memberComment/xxx1398372,https://www.books.com.tw/csss/myacc/images/member-avatar-def.png,只是掩飾罪惡感的慣性說詞,Lv.1,1,2016/12/02,有些存在於社會上，鑽漏洞，製造社會動亂 ，猜忌，謊言，假象的人，看起來非常可惡，但是更可惡的是，原本屬於自己身邊的存在，偏偏像中邪一樣，不僅沒有隨著自己一同捍衛該有的道德，反而隨之出軌還自認高明沾沾自喜，通常這類人，自我感覺良好的同時，通常還會把自許違背良心的行為，冠上替天行道的虛偽假名，說穿了就是一個存心欺騙的慣竊，遇到了潘金蓮般的花癡，必有天譴對這種喪盡天良的的做法，似乎已發揮不了赫阻作用，最終結局會如同她們心中想的那般容易還是會有變化，就交給群眾及心的力量來決定！決定不了該如何？轉頭望一下四周，有沒有穿著紅衣服的人，眼睛睜大正在瞪妳們,2
https://www.books.com.tw/booksComment/memberComment/xxx1398045,https://www.books.com.tw/csss/myacc/images/member-avatar-def.png,涉獵一些心靈療癒書籍之人,Lv.1,2,2016/11/20,給兩顆星，是因為這本書對於完全沒有接觸過相關知識的人，會非常的有幫助。剩下三顆星沒給，是因為這本書把整件事情用得非常非常複雜...我不知道各位如何，但我生長在一個「執著」非常嚴重的原生家庭，全家人包含我在內都有著對各種大小不一的事件，各種不同的執著。本來，有執著也不是什麼很嚴重的事，是人都有這樣的困擾，因為執著往往是伴隨著慾望產生的，當你想要什麼，自然就是抓著什麼不放了。問題在於，類似《被討厭的勇氣》這樣的書，我家真的太多太多了，有一部分是我貢獻的，有一部分是我家人貢獻的，然後也包含各種台灣民間信仰，佛教、道教，包含從佛道兩教衍生出來的各種支派宗教的書籍都有。我想說的是，很多人覺得「買一本心靈療癒的書，能夠沉澱一下自己的心靈，給自己的心靈帶來啟發」，這是對的，但如果有人跟我一樣，家裡類似的書都快要能自成一個分類，然後放在圖書館的話……建議你，好好反問一下自己，如果這些書真的有用，為什麼類似的書要一直重複再買？是因為有各種生活的問題，需要用各種不同的對治方法？答案其實很明顯，心靈的事不像生活的事那麼複雜，你想在心靈的道路上走遠（或者多數人常說的，心靈成長），那很簡單，放下你所執著的東西就夠了。然而，以我個人的狀況而言，我們家很多心靈療癒的書籍，但為什麼還是不停的買？因為很簡單啊，因為買的人（包括我自己）覺得「不夠」啊。明眼人一看，就知道我在說什麼了，這不就是一種匱乏、一種欲望的表現嗎？買書本身的行為，到底是療癒你的心靈，還是任由你的慾望滋長，要自己好好想想。此外就像我前面說的……其實現代人，尤其是沒有在進行心靈修行的人，非常非常明顯的特點，就是對於他們自己執著的東西，通常是在逃避跟面對間不停反覆著，逃避，基本上你就是在放下的第一關打退堂鼓了。你問為什麼非得面對才能放下？很簡單啊，比方交女朋友，愛一兩年好了，然後分手，失戀了很傷心。很多人花很長時間走不出來，有些人找到新的女友，有些人找到新的樂趣，找到新的工作，轉移了注意力。但請問你是一直用這些新的注意力，然後莫名其妙放下了，還是雖然注意力放在這些事上，但難受的時候還是難受，直到有一天，你突然「把注意力放在讓你難受的事情上，一個想通了，整個人放下也就輕鬆許多了」？你有見過有人一直不肯面對，連這個「突然」冒出來的時候，都繼續不願意去面對，然後說他放下的嗎？各位，不要懷疑，造成你無法放下的原因，就在於這社會教導了各位一個最大的錯誤觀點：「轉移注意力對你比較好，不要去想會比較好」。這兩者都是有前提，才有效的，那就是你要放下了才有用。但顯然不是人人都能輕鬆做到這點，有些人一但做了這兩件事，基本上就在逃避了，那麼，連承認自己手上有抓著東西都不願意，還談什麼放下呢？當然，到底是逃避還是面對，每個人有每個人的情況，我只是點出這個可能性，相信明眼人可以看得出來自己是不是。那麼，這跟這本書有什麼關係？面對是一個相當重要的課題……面對是放下的第一步，但第二步是你必須誠實面對自己的內心，才有可能放下。這邊有很多種「不誠實的作法」，我不打算列舉出來，有心的人自己就可以去察覺了……有些老人到老了，雖然對很多事都能平淡以對了，但仍然是經常感嘆東感嘆西。各位自己思索，這像不像放下執著會有的表現？就好比說你仍然想念你的女友，但你硬要騙自己說：「沒關係啦，她找到更好的我也高興。」你真的高興？很多人在第二關都不肯誠實了，就更不要說放下了。也許有些人會說，可是我馬上就嘗試你說的，也沒放下啊？這不是正常的嗎？因為你累積太多的逃避與不誠實了啊？不然你以為「大澈大悟」這個詞是怎麼來的，就是因為正常修行沒有捷徑，無法一蹴可幾啊！最後回到這本書，生活層面的事不說，這本書也許寫出了一些針對生活瑣事的處理方法，但內心的事很簡單，其實就是放下，如何放下？面對、誠實面對這兩步很重要，然後有一天你自然會放下，放得越多，你自然越習慣放下這件事，就越來越不會執著。那麼，請問你覺得，放下這麼簡單的一個動作，需要你看完一本兩百多頁，或者一百多頁的書，寫滿了種種經驗，但基本上說的都是同一件事的書來達成嗎？有些文字能觸動人心，但不是每次都能如此，也不是每個人都能這麼做。更何況，有些人是買很多本書來觸動自己的內心……請務必記得，只有當你覺得你需要的時候，才會想買書。這本身就是一種慾望、執著的表現了。最後強調一次，放下很簡單……但困難的是面對、誠實面對自己，這是很多人都做不到的。比方說，請問女生好了，你遇到一個不喜歡的人追你了，你第一個念頭是什麼？是希望對方放棄，還是去面對自己「希望對方放棄」的念頭呢？當然你要答應不答應，都是你自己的事，但同樣是追你的動作，你喜歡的人這麼做，你卻不會產生上述的念頭，既然如此，你覺得是環境影響你？還是你自己的問題？這是極端例子，是很多人覺得理所當然，以至於容易忽略的例子，一個人有心慢慢面對自己，就會非常震驚的發現，自己平時到底逃避了多少東西。然後，推薦最常用的，就是去問自己為什麼？問自己的心靈為什麼產生這樣的情緒？為什麼執著於這樣的事？為什麼？為什麼？但是要記得，不是搞懂了就一定放下，但如果你連這兩步都不做……那你也只能繼續買書，然後透過一本本書勸慰自己，直到某一個時候，發現自己陷入了一個循環，或者開始大罵這些書根本只是商業行銷用的。上面的話，說的有點激動了，因為我是站在一個修行途中的人的立場來說這件事，我看過太多的例子，很多人不太明白快樂是什麼，非得把自己的快樂跟某事物去建立連結，包括把自己的痛苦慣性推卸到人事物身上，然後在某些時候，又打自己臉的要別人不要推卸責任。別傻了，除了科學上來說的化學變化之外，你怎麼會覺得情緒，諸如痛苦、快樂是別人可以傳遞給你的？既然如此，為什麼有些人遇到被異性追求了，不喜歡的異性跟喜歡的異性追求，卻是兩種不同的感覺呢？兩者可都是「傳遞了喜歡的感覺」給你啊？當你習慣把自己的快樂跟外物做連結，自然會患得患失的。也有很多人覺得自己不去想負面的事，然後不能理解為什麼有些人要那麼悲觀……如果你失去能讓妳快樂的事，全部，你還是能這麼快樂，再來不能理解他人吧。同樣都是執著，會這樣想的人不比悲觀的人更高尚，五十步笑百步我相信這句話大家還是知道的。總結，《被討厭的勇氣》說的是什麼，光看標題還算是太複雜，其實很簡單，就是一件事而已，因為你不執著，沒有想要討好別人，想要被認同，想要控制的慾望，自然而然的，別人討厭你你也不會覺得怎麼樣。不然以多數人的觀點來說，別人討厭你不管你怎麼做都能傳染給你，你有勇氣有什麼用？就是放下而已，放下各種「想要」「執著」「慾望」「情緒（包含正面負面）」「念頭」「渴望」「需要」「必須」……這裡我盡量列舉各位可能有的各種能放下的東西了。至於，有些人會問，放下了還有什麼意義？有些東西是不能放的啊！這就是執著的人會說的話，會這麼問的人，請問你會不會勸一個不喜歡的異性追求你時，叫對方放棄你，放下你？這樣的問題，對對方來說也是一樣的。你覺得問題在對方身上，那你怎麼沒想過問題在你身上呢？放下了還有什麼意義？會這麼問就表示你還想找到意義。有些東西是不能放的啊！會這麼說就表示你還是執著於某事物很重要。放下了，你就不會問這樣的問題，說這樣的話了。你有任何的情緒，迷茫，困惑，不能理解，基本上都是因為執著，放下了，生活上不一定，但心靈上你所有的問題都會迎刃而解。至於憂鬱症，能看醫生就去看醫生，科學昌明該配合科學手段治療的還是一樣，平時自己內心的調整是可以同步進行的。寫到這裡這麼多字，希望各位可以看得懂吧。站在一個曾經逃避生命中大多數人事物的角度，我可以很明確地告訴各位，忍耐不會忍出高僧來，要放下才行，不去想某事也不會讓你真的走出來，要放下才行，轉移注意力也一樣。因為上述所有各位能想到的方法，當年我都做過了，唯一一件沒做的事，就是面對，然後誠實面對，並最終放下。直到很久以後我才意識到，我在放下的第一關就打退堂鼓了，等我意識到的時候，生活對我已經索然無味了。,54
https://www.books.com.tw/booksComment/memberComment/xxx1397722,https://www.books.com.tw/csss/myacc/images/member-avatar-def.png,鎮宇,Lv.1,4,2016/11/06,"這本真是看了讓人勇敢,面對挑戰的一本書",0
https://www.books.com.tw/booksComment/memberComment/xxx1396969,https://www.books.com.tw/csss/myacc/images/member-avatar-def.png,Lucas,Lv.1,5,2016/10/05,"對於本書中所提及的「結果論」與「目的論」感受尤其深刻，顛覆一般以因果為出發點的思考模式，讓""部分""受到禁錮的思想與框架獲得解放！",1
https://www.books.com.tw/booksComment/memberComment/xxx2398744,https://www.books.com.tw/csss/myacc/images/member-avatar-def.png,Huang Yu,Lv.1,5,2016/09/18,這本書真是太棒了~它讓我能夠不用在意別人的認同去做對的事，心境也因此開闊了許多，很開心能遇到它,0
https://www.books.com.tw/booksComment/memberComment/xxx1396755,https://www.books.com.tw/csss/myacc/images/member-avatar-def.png,Sophie,Lv.1,4,2016/09/18,雖然不是完全苟同書中理論。但分清楚自己與別人的課題，以及擺脫宿命論的確對人生很有加油的幫助。推薦。,4
https://www.books.com.tw/booksComment/memberComment/xxx3437300,https://www.books.com.tw/csss/myacc/images/member-avatar-def.png,陳正哲,Lv.3,5,2016/09/17,本書基於阿德勒心理學，藉由哲學家和年輕人的對話，探討人生的目標、如何得到幸福，對於人生觀，會帶來極劇烈的顛覆性的啟發。理解阿德勒心理學的人，瞬間就能得到幸福！,1
https://www.books.com.tw/booksComment/memberComment/xxx1396942,https://www.books.com.tw/csss/myacc/images/member-avatar-def.png,幻魂,Lv.5,5,2016/09/05,看了之後覺得教育一定是出了問題才會哲學家跟佛教講的有九分像,0
https://www.books.com.tw/booksComment/memberComment/xxx1396030,https://www.books.com.tw/csss/myacc/images/member-avatar-def.png,hyuk,Lv.1,5,2016/08/28,顛覆自己的觀念給了自己新的觀點從這樣的觀點出發問題再也不是問題,3
https://www.books.com.tw/booksComment/memberComment/xxx1395676,https://www.books.com.tw/csss/myacc/images/member-avatar-def.png,雲鴨,Lv.1,5,2016/08/19,一口氣看完後，受到了不小的震撼，與我的想法幾乎大相逕庭。可能部分情節還需要多看幾次才能理解，不過僅讀完一次，就多了一個新角度來觀察人生。比起其他勵志書而言，本書通篇以對話的方式呈現，讓人能快速的進入其中(年輕人的角色，想法，反駁就宛如我自己一般)也是這類型的書籍中讀得最流暢的一本。當然拿來寫閱讀心得也不錯，因為佳句和感想可以寫的點太多了:)最後獻給自己以及看著這本書的你/妳：「無法改變過去，但能賦予過去意義。正因為人生是一連串的剎那，所以要把握當下。」我不知道未來的我是什麼模樣，但至少此時此刻的我活在當下。,5
https://www.books.com.tw/booksComment/memberComment/xxx2403183,https://www.books.com.tw/csss/myacc/images/member-avatar-def.png,高高,Lv.2,5,2016/08/17,這是讓我可以鬆一口氣的書。接受自己，然後才能用最寬闊的心態分析自己。不要太在乎外在的表面想法，靜下心來想一想，就會發現世界荒謬。「別人跳崖，難道你要跟著跳嗎？」小時候覺得這個道理很蠢，一點也不高深。但，現在覺得能體悟實踐這個道理，需要相當的勇氣。,3
https://www.books.com.tw/booksComment/memberComment/xxx2403183,https://www.books.com.tw/csss/myacc/images/member-avatar-def.png,高高,Lv.2,2,2016/08/12,這本書給我很多的啟發，畫了好多的重點。對我的生活和人際關係有大的幫助。和其他的心理學派相比，雖然阿德烈沒有留下很著名的作品，但是他的論點被很多現代的心理學家沿用，對當代的心理學有很大貢獻。本書深入淺出，傳達了阿德烈的奧義。我推薦心情不好的人，沒有朋友的人，人生沒有目標的人，覺得人生沒有希望的人，都來翻一下這本書。,5
https://www.books.com.tw/booksComment/memberComment/xxx5450000,https://www.books.com.tw/csss/myacc/images/member-avatar-def.png,Vince,Lv.3,5,2016/07/31,乍看書名覺得被討厭的勇氣似乎格外特別，內容以學生與師長的對話討論著「世界是無比單純。」但相信看到這，心中自然有個疑問-不是很複雜嗎？其實看完書後，我會覺得自由與幸福是如此輕易獲取，而我們普羅大眾只需要由自己做起，改變自己，給予自己被討厭的勇氣！,0
https://www.books.com.tw/booksComment/memberComment/xxx1394937,https://www.books.com.tw/csss/myacc/images/member-avatar-def.png,蔡沛,Lv.1,5,2016/07/31,"在校園中，在社會中，最注重的往往就是人際關係，身邊的人常常說:不可能做到讓世界所有人喜歡你，但在不知不覺中，大家還是拼命做出了讓所有人喜歡的樣子。看這本書真的覺得收穫很多，希望自己哪天也可以生出""被討厭的勇氣""。",1
https://www.books.com.tw/booksComment/memberComment/xxx1394905,https://www.books.com.tw/csss/myacc/images/member-avatar-def.png,jamerasa,Lv.1,5,2016/07/31,有時候被討厭也是要很有勇氣的，可是人總無法隨時隨地被他人所接受所喜愛，這本書給我一個很大的啟發，因為我曾經是位逃避被討厭的人，所以常常迎合他人，但是我現在決定要鼓起勇氣更做自己讓別人討厭也無妨，畢竟人總不能一直活在別人評論的世界。,1
https://www.books.com.tw/booksComment/memberComment/xxx1394842,https://www.books.com.tw/csss/myacc/images/member-avatar-def.png,Nina,Lv.2,5,2016/07/31,人生只有自己能夠主宰!多久沒靜下心來思考過是不是凡事都在意世俗的眼光?是不是有時發現最原本的自我消失了?被討厭的勇氣，這樣的勇氣從何而來?藉由哲學家及年輕人的對話一步一步帶領我們去反省去思考重新檢視我們的人生閱讀此書，不僅僅是讓心靈的力量變得更強大而是當我們在面對人生不同課題時能夠真正的得到那份勇氣去面對去克服然後學會要更愛自己並且肯定自己沒有滿分的人生不要緊但有沒有滿分的勇氣在人生這條路上過關斬將並坦然且真實的正視自己這是我們可以決定的!期許你、我越來越好。,0
https://www.books.com.tw/booksComment/memberComment/xxx1394792,https://www.books.com.tw/csss/myacc/images/member-avatar-def.png,無度,Lv.3,5,2016/07/31,什麼樣的書會讓你又愛又恨？我想絕對沒有任何一本書可以超越［被討厭的勇氣］這本書了。恨，恨在哪裡？因為這本書把你心中最深層的秘密透露在文字當中，如果不在意，又怎麼會讀的恨牙癢的？愛，愛在哪裡？因為這本書告訴你不需要害怕，每個人都會在意他人的眼光、想法，漸漸的無法做自己，甚至迷失自我，所以這本書讓你愛不釋手，因為你離真正的自己又更進一步了。這本書絕對不是完美的，但寫出了大部人心中的秘密。用意是什麼？繼續逃避？維持現狀？我認為這本書真正的目的是要讓你闔上書後去尋找自己。現在社會太多人迷失了方向、太多人改變了自己、太多人遺忘了自己，這本書打開了每個人心中最小的那扇窗，為的就是要你直視自我。［被討厭的勇氣］我認為這本書名詮釋的很棒，別人會討厭你，不就是因為忌妒你的自由奔放嗎？讀完這本書，讓我又有找回自我的勇氣。,0
https://www.books.com.tw/booksComment/memberComment/xxx1394756,https://www.books.com.tw/csss/myacc/images/member-avatar-def.png,bosie,Lv.1,3,2016/07/31,本書的敘述方式很簡單，為了達到「說教」的目的，作者設定了「哲學家」與「年輕人」的對談，以從對話中闡述哲學理論，這種設定是有目的性的，一是利用角色性格的差距：「平穩的哲學家」vs「浮躁的年輕人」 - 讓人對於言論敘述的信任度有所差異；一是利用出發點價值的差異：「打算好好地談論點的哲學家」vs「打從一開始就想推翻他人言論的年輕人」 - 使人更願意好好停下來聽哲學家的論點(還記得北風與太陽的寓言嗎？)內容則是從「改變 - 選擇的在於自己」、「煩惱-來自於人與人之間」、「自由 - 割捨別人」、「世界中心 - 不是自我意識」、「勇氣 - 甘於平凡」不同層次的論點一步步疊加然後互相佐證。,2
https://www.books.com.tw/booksComment/memberComment/xxx1394663,https://www.books.com.tw/csss/myacc/images/member-avatar-def.png,yeresa,Lv.1,5,2016/07/30,看完這本書你會有很深的體會有時候我們都太在意他人的看法怕自己是別人眼中的異類殊不知如果連自己都不相信是對的又如何讓別人相信呢？每個人都會被討厭但討厭你的人有分很多種有些是討厭你有原則不跟他們一起沉淪有些是討厭你隨波逐流別人說什麼是什麼如果你能選擇你會選擇哪一種？很多人因為怕被討厭做盡一切討好別人的事但在那些人的心裡是真的喜歡你？不求做人人都喜歡的人　這樣自己累別人也會覺得太偽善但要做個讓人敬佩的人！！在完美善良的人都會有人討厭這時候只要問自己有沒有做對不起別人的事？如果你能很肯定地說沒有那就不需要去在乎我很喜歡勵志類的書推薦給大家：））,42
https://www.books.com.tw/booksComment/memberComment/xxx1394434,https://www.books.com.tw/csss/myacc/images/member-avatar-def.png,HC,Lv.1,5,2016/07/30,「所謂的自由，就是被別人討厭。」生命自然有它的出口，但在遇見下一個出口前，我們該如何熬過、如何在路上安身立命、給自己一個繼續走下去的理由？首先，現代人該煩惱的並非缺乏選擇自由，而是太多自由，反而容易迷失在自我的叢林裡。阿德勒告訴我們，所謂自由，就是被人討厭、甘於平凡，不再受限於他人的目光和輿論，認真面對內心渴望的聲音，勇敢追隨，透过實踐「課題分離」的平靜、「橫向關係」的感恩、「貢獻他人」的滿足，得以感受到真切的自我價值以及活在世界上的微妙影響力。,0
https://www.books.com.tw/booksComment/memberComment/xxx1394427,https://www.books.com.tw/csss/myacc/images/member-avatar-def.png,Vivian,Lv.1,5,2016/07/30,我不是一個喜愛暢銷書的人，甚至好久沒有耐著性子讀完一本書；我是一個重視邏輯的人，更不是一個容易被說服的人；但我看完了，更被說服了。邏輯架構的完整不是重點，因為這不是一場辯論賽，而是理解並相信後帶給讀者心靈上的進化！書中最核心簡單的理念就是自己是主宰生活一切的主人。相信這是老生常談，但在年輕人與哲學家一來一往的對話中，他說服了年輕人和讀者。年輕人帶出了所有質疑的聲音，哲學家點出原則更指引了貫徹的方式和思路，我認為這真的可以應用在生活中面對的每件事，只是師父領進門，造化在個人了！重要的大觀念在這裡以我個人的方式簡單提一下－每個人是自己人生的主角，但絕非是世界的中心－以「課題分離」為入口：眼前的問題是我的課題還是他人的呢？－以「社會意識」為終點：把所有人當夥伴，為共同體即所有人付出更細節的應用以及打開死結的思考邏輯書中都將帶到。但真心希望讀者們別斷章取義了，做筆記、將整套串連起來細細思考，在生活中很多難題是可以饒過自己的。祝福我們都能過自己想要的生活，成為自己喜歡的人！,0
https://www.books.com.tw/booksComment/memberComment/xxx1394560,https://www.books.com.tw/csss/myacc/images/member-avatar-def.png,Julie,Lv.1,4,2016/07/30,以前是個很怕被討厭的人，往往活不出自己的生活，看了這本書之後才知道是不用害怕別人的眼光，因為大部分的人都想著自己，我們只要在不妨害別人的情況下，就做自己的事過自己想要的生活吧!!!,0
https://www.books.com.tw/booksComment/memberComment/xxx3459001,https://www.books.com.tw/csss/myacc/images/member-avatar-def.png,Eric Yang,Lv.4,4,2016/07/30,我們都像故事中的年輕人般，對自己有所不滿遺憾，隨著跟哲學家的對話漸漸地知道如何有勇氣去接受被討厭的自己。哲學心理學不見得是有趣的內容，但隨著故事的進行讀來沒太多壓力,0
https://www.books.com.tw/booksComment/memberComment/xxx1394372,https://www.books.com.tw/csss/myacc/images/member-avatar-def.png,王電視,Lv.2,5,2016/07/29,透過哲學家與年輕人的一問一答討論著我們一直疑惑的問題然而年輕人所提出的疑問正是我們一直想問的!!!很有趣的一本書閱讀完會有意想不到的富足感,1
https://www.books.com.tw/booksComment/memberComment/xxx1394347,https://www.books.com.tw/csss/myacc/images/member-avatar-def.png,yu,Lv.1,4,2016/07/29,"前陣子看到蘋果新聞報導今年時前5名最暢銷的書籍,就有發現這本書!!加上最近遇到了許多不如意的事情,在別人推薦下,咀嚼起了這本書.....書中用很獨特的觀點讓讀者自我省思,用一個新的觀點來重新出發,面對人生.....真的是本很值得閱讀品味的書!!",0
https://www.books.com.tw/booksComment/memberComment/xxx1394205,https://www.books.com.tw/csss/myacc/images/member-avatar-def.png,Lynn,Lv.1,5,2016/07/27,值得令人一看再看好書。專注自己才是最重要的。逐步改變自己的信念讓自己可以邁向更輕鬆做自己的人生,0
https://www.books.com.tw/booksComment/memberComment/xxx2393864,https://www.books.com.tw/csss/myacc/images/member-avatar-def.png,福爾摩斯,Lv.4,5,2016/07/27,【人生所有的煩惱都是來自人際關係的煩惱】這段話就是本書最為重要的核心概念。作者藉由年輕人與哲學家的對話，引發每個人心中的共鳴，也就是和自己內心的哲學家、年輕人對話，是本引導性的佳作。每個人的成長背景都不同，心智的成熟度與經歷也不同，因此每個人看完本書所得到的結論與人生觀也會不同。本書的另一個重要課題是要我們【學會如何切割自己的人生與別人的人生】，別人是別人，我們是我們，不必為了迎合他人的眼光讓自己活得不快樂，這當然也是由人際關係的煩惱所衍伸出來的。這點或許是我們生活中最能深刻體會的一點，不論是父母、老師、同擠等等，我們常常太過在意別人的眼光，而忘了如何善待自己。本書的內容，值得細細品嘗，每隔一段時間在閱讀時都會有不同的體悟，真的是本好書。,2
https://www.books.com.tw/booksComment/memberComment/xxx1394109,https://www.books.com.tw/csss/myacc/images/member-avatar-def.png,Chieh,Lv.1,5,2016/07/26,對迷路人生很有幫助的一本書，人生總是有一些不合意的事，這本書能讓我有多一點勇氣去處理、去面對！原本只是好奇它怎能蟬連銷售冠軍如此久，看完後只有覺得：難怪這本書會如此暢銷。,0
https://www.books.com.tw/booksComment/memberComment/xxx1394074,https://www.books.com.tw/csss/myacc/images/member-avatar-def.png,雨影,Lv.1,5,2016/07/25,以前我十分在意別人的眼光，漸漸的少了主見少了自由，感覺做什麼都不對，本書很簡單的用哲學家與年輕人間的對話，帶入阿德勒的個體心理學，其實做自己並不難，因為我們往往將別人的夢想當成是自己的，如同本書提到的「老是尋求認同、在意他人評價，到最後我們過的就是別人的人生。」，也從中領悟到「人類所有的煩惱，都是人際關係的煩惱。」，學習討厭自己便是獲得完全的自己，因為我們永遠無法討好所有的人。本書非常適合給經常覺得自己做錯事，但其實沒有做錯事的人閱讀，以及不知道如何做自己的人閱讀。,1
https://www.books.com.tw/booksComment/memberComment/xxx1393972,https://www.books.com.tw/csss/myacc/images/member-avatar-def.png,Chia,Lv.1,5,2016/07/24,陪伴我走過生命低潮的好書！　　以小說般對話的方式寫成，文字淺白，讀來格外親切易懂。如果你正對生命感到困惑，想向內心尋找真正的幸福，這本書絕對是不容錯過的經典！也揭露了一個重大概念：人必須先在內在「是」什麼，才能在外在「成為」什麼。　　儘管我並不完全認同書中哲學家對某些事物的主觀看法，但書中的許多語句都是能作為自我省思、自我觀照很好的工具，是能夠指引生命道路與價值的相當棒的指南！像是：「關鍵不在你經歷了什麼，而是你如何運用它。」「人，只有在覺得自己有價值時，才會有勇氣。」「應該由自己開始，完全不用考慮其他人是否提供協助。」　　即使被別人討厭，也依然能夠接納現實、不受影響，專注於正確的事，才是真正掌握了幸福的鑰匙。,1
https://www.books.com.tw/booksComment/memberComment/xxx1393955,https://www.books.com.tw/csss/myacc/images/member-avatar-def.png,楊佳錡,Lv.1,5,2016/07/24,<被討厭的勇氣>書中有很多我一直想不透的問題被解決，我覺得這本書適合很多年齡層的人，和其它哲學學派不同，以往知道的哲學無法解開我心中的部分疑惑，讓我知道做自己和任性自我的分寸在哪裡，雖然很難自己也在學習但是閱讀完至少知道方向也比較有勇氣執行!,1
https://www.books.com.tw/booksComment/memberComment/xxx1393744,https://www.books.com.tw/csss/myacc/images/member-avatar-def.png,Vera,Lv.1,5,2016/07/21,"與這本書相遇，確實給了我極大的勇氣，是怎麼樣的勇氣呢？不單是指""被討厭""的那種，還有""改變""與""追求幸福""的勇氣。與年輕人和哲學家相處的五個夜晚，習以為常的世界竟然逐漸瓦解。如果能深入思索其中道理，便能和生活產生連結，最後會發出""啊～不過就是如此嘛！""的驚嘆，真的，真的把世界複雜化的是我們自己。""不是沒有能力，而是缺乏勇氣。""哲學家的話句句如醍醐灌頂，彷彿為近視已久的我戴上眼鏡，渾沌不清的世界頓時變得明亮動人，甚至有種想哭的衝動。哲學家送給我的，是豁達的人生觀。  誠如作者所言，阿德勒心理學是一座寶山，不管是誰都能挖到寶藏的。現在，通往自由幸福的鑰匙已經為你插在鑰匙孔上了，你是否有足夠的勇氣轉開呢？",0
https://www.books.com.tw/booksComment/memberComment/xxx1393552,https://www.books.com.tw/csss/myacc/images/member-avatar-def.png,喀諮,Lv.1,5,2016/07/19,很多心理勵志的書，都不難在標題下方發現附註：「這是一本能改變你一生的書！」人人都是帶著半信半疑的心態開始翻閱它，卻又對它充滿了希望與期待。「看完，我可以老實告訴你，它，確實可以滿足你的期待。」如果你像我一樣從來沒接觸過阿德勒心理學，那它可能會更超乎你的想像，因為它會大大的顛覆你的思考模式。剛開始讀會覺得有非常多的新觀點要去理解咀嚼，不過慢慢讀到後來思緒竟會漸漸變得清晰。所有事情好像一盆放很久的混濁污水，泥沙慢慢沈澱，清澈的水從底部浮了上來。作者願意用兩人有如辯論的對話的方式，讓大家逐步的了解阿德勒心理學，而讓更多的人受惠於此，我真的覺得這是件很偉大的事！（因為任何人都可能會因為這本書，而從此被改變，哪怕很小。）如果說新手想要進入阿德勒的世界，那我非常推薦此書，因為它非常容易理解。另外這本書更加可貴的地方是：它就算講出了一個觀點，它也會慢慢的帶我們去理解或是很詳細的去解釋，甚至對它自己的論點作出反駁。你不會覺得是被逼迫讀下這樣的觀點的，這也正是這本書能說服這麼多讀者的原因。它不會像有些書籍單單只有條列式的告訴我們：什麼是對的你應該做，什麼是錯的你不該做。彷彿是告訴我們「這就是對的你一定要聽」，而為什麼這是對的也沒有解釋出個所以然。這本書著實是站在讀者的角度去編寫的。我不敢說看完這本書必定能對我們人生產生多大的影響，但我能說它此時此刻已確實對我產生了影響。而對我的影響：其實我的人生並沒有就此而豁然開朗了起來，我反倒因為有了些解答，而又產生了更多的迷惑與反思。不過在看完了這本書之後，我發現我的思考方式變得不一樣了。遇到事情，我開始不再用以前的角度去思考，而是用書中的方式換個角度思考。（不過其實它也不是專注於教我們是換個角度思考，看完書你就懂了）值得一提的是：這是一本「使用的心理學」，它不會告訴你應該要去做什麼，因為是否要改變在於我們自己。要如何看待一切，也在於我們自己。但他會告訴你所謂的「方法」！對我來說，讀完這本書是一種救贖。它開啟我去尋找更多問題解答的大門。,4
https://www.books.com.tw/booksComment/memberComment/xxx1393520,https://www.books.com.tw/csss/myacc/images/member-avatar-def.png,Katherina,Lv.1,5,2016/07/19,轉變想法的一本書，作者用敘述故事的方式去轉達阿德勒心理學，看完覺得勇氣滿滿，受用無窮!,0
https://www.books.com.tw/booksComment/memberComment/xxx1393362,https://www.books.com.tw/csss/myacc/images/member-avatar-def.png,唯姬,Lv.2,5,2016/07/16,對話式的記錄，描寫著一個憂鬱中二與佛心來著的老人，在對「庸人自擾」一辭的針鋒相對。最後中二男被K.O了，他一直去老人家喝茶的屢屢挑戰，在自己的一次次抽絲剝繭自省成長下，獲得了最動人最爽快的致命一擊，但他贏回了，自己接下來有意識與自由的人生。如果你覺得自己的生活好棒棒，那你絕對不需要這本書；如果你覺得出門就是一種折磨，與人對話就是一種痛苦，不想討好卻又無可奈何？來吧！透過這場中二與老人的思辨交流，引導你，拿回自己的自由自在。咦？這不是在講另類心理學的書嗎？重點不在於心理學，重點在於你多渴望自由。,1
https://www.books.com.tw/booksComment/memberComment/xxx5448923,https://www.books.com.tw/csss/myacc/images/member-avatar-def.png,Zoeywei,Lv.1,5,2016/07/16,這本書，其實顛覆了我過去很多的思考邏輯！會看這本書的原因是因為阿德勒，但還有更大的原因是因為別人看了這本書之後的反應跟處理事情的方式，讓我充滿疑惑，因為我認識的阿德勒不是這樣的！看過之後，發現得到更多的亮點，書內談到的被討厭的勇氣，其實是要我們做自己，目的論跟決定論的結果完全是不同！然而真正認清自己，開啟自己的潛力，是要目的論的方式！很推薦大家去看這本書！推翻深根蒂固的價值觀，讓自己活得更幸福！小小分享，謝謝！,0
https://www.books.com.tw/booksComment/memberComment/xxx1407591,https://www.books.com.tw/csss/myacc/images/member-avatar-def.png,蕪棠,Lv.2,5,2016/07/16,"出生後人以最直接的反應表達自己內心的想法，進入社會後人往往被他人的期許、寄望被迫無法真實生活。對此用他人期待背道的行為往往成為內心無形的壓力。（被討厭的勇氣）恰恰提出在不傷害別人的範圍內，適當的做自己，表達自己的想法，讓自己言行一致，往往能讓自己處於舒適的狀態。懂得有技巧的say no，向來是一門學問。如何平靜的處於個人於他人的環境更是人生的必修課程。感謝此書讓大家知道，在你有say no勇氣的同時，也同樣必須有此包容性接受別人say no,互相勉勵",1
https://www.books.com.tw/booksComment/memberComment/xxx1393213,https://www.books.com.tw/csss/myacc/images/member-avatar-def.png,火山豆,Lv.1,5,2016/07/16,亦師亦友的對談，帶領讀者進入了哲人的心靈世界；起先跟著年輕人吐槽哲學家，看到2/3處豁然開朗被哲人說服；讓我們體會如何活出心安理得又關注社會的人生其中最喜歡的話是用存在感看待別人就值得讓人表達喜悅及感激,0
https://www.books.com.tw/booksComment/memberComment/xxx1402059,https://www.books.com.tw/csss/myacc/images/member-avatar-def.png,Dan,Lv.2,4,2016/07/15,「所有世間的煩惱，都是關於人的煩惱。」這句話可說是貫串了整本書 ，也貫串了無數人與人之間心底的聲音。書中透過老師與學生的互動與問答，使說理不那麼艱澀與乏味，讀者也能透過每一次犀利的辯證中，恍然大悟自己過去所經歷過的種種，尤其是對於害怕被別人討厭、慣於迎合別人的自己而言，更是一記狠狠的耳光。被書中的討論與道理深刻打醒後，能夠勇敢擁有被討厭的勇氣。每個互不相識的陌生人本來就沒有必要喜歡自己，所謂的生活就是相敬如賓。如果我們都能抱持著一種「多謝款待」的精神----------你對我平淡是正常的，但如果你對我有一絲一毫的慷慨，我都會銘記在心，他日必定加倍奉還 的精神，也許我們就不會再對人性有過多的揣測及不安了。,1
https://www.books.com.tw/booksComment/memberComment/xxx1393007,https://www.books.com.tw/csss/myacc/images/member-avatar-def.png,Bee,Lv.1,5,2016/07/14,"這是一本書寫很友善的書，結構安排上，第一夜和第二夜解釋了""被討厭""和""勇氣""的意思，可略窺一些阿德勒的學說。阿德勒將人生任務分為三種：工作的、朋友的，和愛的，這三者都與人群不可切割，而人的煩惱完全來自人際之間，且由當事人主觀解釋。這樣的煩惱被阿德勒總歸為是：""規避""被討厭的結果，如此規避的解釋是""缺乏勇氣""，是肇因於""過去""的""現況""，不過，根據阿德勒的倡導，這是可以被改變，並結果於""未來""的，作法是要在現在有改變(前進)的勇氣。之所以會規避人際間被討厭的煩惱，原因有自卑情結(非自卑感；自卑感：平等之下追求卓越的動力)，優越情結(展現權威、自吹自擂的驕傲，和炫耀不幸的驕傲)，以及強調競爭(優勝劣敗的敵人設想，若落入權力鬥爭與復仇的循環就沒救了)等等人生謊言。而賦予過去積極意義的改變的勇氣，並不討論對過往的因與現在的感受的善惡，重在如何使用過往經歷改變與前進。之所以稱為勇氣，是指接受有缺點的自己是困難的，不過，勇氣是自發的，因此，也強調了人對這樣的窘況是始終握有主控權的。因此，阿德勒指出了一個解決方案，希望解決人生中不可避免的煩惱(""被討厭"")，方法的關鍵是要有""勇氣""。這勇氣的運作空間(改變的彈性)是很大的，因為雖然過去造成了現在，現在與未來之間的空間是可以由當事人主宰的(只要有勇氣)。第三夜，談的是心靈的自由，這樣的自由(由人際關係中解放)與本能的傾向性(在人群中不想被討厭)是反向的；比較鮮明的說法就是：""所謂的自由，就是被別人討厭""，因此，""被討厭的勇氣""也就是""追尋自由的勇氣""。所以，自由，是這本書所述信念的基礎，意思是，種種看似與俗成常規分岔的想法，若回歸到自由二字，也就釋然與甘願。自由，若親嘗過它的滋味，就明白是多麼值得，書中與哲學家對話的年輕人，是沒有嘗過這一味的，所以質疑得很。不過，這自由可能實在與本能與衝動的慾望(傾向性)太過反向，所以很容易被遺忘，會需要反覆地確認這自由的重要性(至少對我而言是這樣)，此外，某一件事上的自由經驗，也不太容易apply到另一件事上(至少對我而言是這樣)。第四夜和第五夜論及：因此，需要堅定對自由的信念，而追求自由(被討厭)的勇氣來自幸福，有幸福就會有勇氣。幸福的產生來自""貢獻感""，是對他人有用、有存在必要的意思，是一種純然的感受。而貢獻感是""社會意識""(接納自我、信任他人，與貢獻他人)的果實，其實就是良好人際關係的最終產物。良好的人際關係是一種微妙的狀態，分寸在於與人保持""距離""，但太遠也不行。這狀態會呈現出：在人群中可安身，視他人為夥伴。是否擁有良好的社會意識(人際關係)，在於""自立""的能力，其關鍵在於是否有""課題的分離""的能力(可將人際間糾纏不清的結打開，保持在適當分寸)。以上這些，都應該是在""甘於平凡""，不求特別的心境下進行，是一種活在當下，專注而誠懇的樣子。總而言之，要追求這樣自由而幸福的人生，作法是追隨導引之星：""貢獻他人""，讓自我的價值感出現，從而感到幸福，再有勇氣抵抗傾向性，而獲自由。 覺得阿德勒應該是個很務實、非學院派的人，很專注地希望能解開""人際關係""這個人生難題。",2
https://www.books.com.tw/booksComment/memberComment/xxx1393051,https://www.books.com.tw/csss/myacc/images/member-avatar-def.png,盲木,Lv.1,4,2016/07/14,本書以哲學家和年輕人的對話讓我們簡單的認識阿德勒這號人物，用對話的手法使內容更加的生動，而我最喜歡阿德勒所提出的目的論，做任何事情都是有目的的，為什麼有人要哭泣，因為他只是想博取你的同情罷了，旁人的安慰助長他的懦弱，當自己想哭泣時，就會想起阿德勒所提出的論點，想一想，也沒什麼好哭的了。,0
https://www.books.com.tw/booksComment/memberComment/xxx1393036,https://www.books.com.tw/csss/myacc/images/member-avatar-def.png,夏洛克與我,Lv.1,4,2016/07/14,我覺得人在活著的時候，如果有一個屬於自己的人生哲學，當你脆弱無助的時候，它會適時的出現來幫助你保護你。我覺得被討厭的勇氣，就是一本能帶給人改變的書。      我曾經對人生感到迷惘，我一直以為人生會像我之前規劃的前進，但人生總會有些意外，在面對人生是完全打亂的狀況，我開始去尋求人生的意義，也以此為藉口，不再振作。後來有機會看到這本書，尤其是很喜歡它在最後討論人生意義的這部分，人生的意義就是活在當下。      這是這本書帶給我的想法(不是書的內容):雖然我不知道我是否跑在人生的軌道上，但至少我跑了起來，我知道我已經和以前得我有不同，即使這樣的改變只是從坐著變成跑起來，這樣如此小的改變，但我還是跑起來了，在每個剎那間串起了所謂的人生意義，不管我最後會跑到哪，即使最後不再原來預設的終點上，但在我某一天停下來，才發現我已經到了另一個境界。以這個感想與人共勉。,1
https://www.books.com.tw/booksComment/memberComment/xxx1392799,https://www.books.com.tw/csss/myacc/images/member-avatar-def.png,erin,Lv.1,5,2016/07/13,"了解自己, 解開壓力的好書!",0
https://www.books.com.tw/booksComment/memberComment/xxx3458368,https://www.books.com.tw/csss/myacc/images/member-avatar-def.png,sanliwang,Lv.2,4,2016/07/13,這本書以和佛洛依德齊名的個體心理學家──阿德勒的理論啟發世人，期望人們擁有真正的自由。而所謂的自由，便是不再迎合他人，甚至將會被、討、厭。       像所有哲學名著一樣，本書以簡單的故事引領哲學思維的鋪陳：一名年輕人以否定的偏執態度求教於哲學家，卻在層層論辯中卸除心防，並且深感認同。　　書中的年輕人醒悟了，但真實人生裡的我們卻始終缺乏幡然醒悟的勇氣。我們總是怯於讓真實的自我受人臧否，因此我們包裝自己、粉飾真心，端出虛假的微笑和言語迎合世俗，久而久之，也許我們便認不得自我的面目。　　其實我向來忠於自我，但偶爾也會退縮，擔心被人討厭是不善經營人際關係使然。所以我藉由這本書鞏固自主的意志，也希望閱讀本書的人更懂得審視自己，體會健全自己的心志才能搭建起和世界聯繫的管道。　　書裡有許多議題和哲理，我僅挑選三句，讓大家檢視自己遇到的狀況：一、 你之所以無法改變，是因為自己下定決心「不要改變」。二、 我們必須站在「這是誰的課題」的觀點，將自己和他人的課題切割開來。三、人，只有在覺得自己有價值的時候，才會有勇氣。　　其一，我們挑選自己的位置，認定現在的位置是最輕鬆的，所以「不要改變」。　　其二，我們故意不處理自己的課題，讓師長父母主宰自己，便不須負責。　　其三，膽怯的時候，便是最沒有自信心的時候。　　如果以上的三個狀況，你都在心裡畫上了一個圈圈，那恭喜你即將成為阿德勒的信徒，請你靜下心，認真地和自己晤談，並且透過這本書，讓心智成長。,3
https://www.books.com.tw/booksComment/memberComment/xxx1394674,https://www.books.com.tw/csss/myacc/images/member-avatar-def.png,loliloli hunters,Lv.4,5,2016/07/12,作者透過年輕人跟哲學家的對話一步步帶出阿德勒的思想，將許多人常有的煩惱，帶到一個結論----因為沒有被討厭的勇氣。阿德勒認為所有的煩惱都來自於人際關係，但那並不是要所有人逃離所有人際關係，而是將課題劃分清楚。這並不是一本教你照著一步步做就可以成功的書，但在閱讀以後，逐漸化解心頭的煩惱。,1
https://www.books.com.tw/booksComment/memberComment/xxx1392679,https://www.books.com.tw/csss/myacc/images/member-avatar-def.png,雪糕,Lv.2,4,2016/07/12,"當初會閱讀這本書是因為對""與佛洛依德、榮格齊名，並稱心理學三巨頭""的標語感興趣，因為我之前真的不知道阿德勒這位心理學家，雖然我對心理學略感興趣，還是擔心這是一本充滿哲學性、科學性內容的書，怕我看幾頁這本書對我就沒有吸引力，但我看完第一張就完全著迷了。　　作者透過年輕人與哲學家的對話來告訴我們阿德勒的心理學是怎麼一回事，以及心理學與哲學之間的關聯性，這本書不單單只有傳授我們阿德勒心理學，透過年輕人，我們可以發出我們的質疑，做出反駁，年輕人的疑問大多是我們也會擁有的，作者都一一為我們解答。　　一開始或許會無法理解、沒有辦法很快接受，作者安排了合適的停頓點，讓我們休息，思考哲學家所說的話，等能理解或找到反駁點後，再繼續閱讀下去。",1
https://www.books.com.tw/booksComment/memberComment/xxx1392487,https://www.books.com.tw/csss/myacc/images/member-avatar-def.png,點點滴滴,Lv.4,5,2016/07/11,在一開始看到這本書，以為是台灣人寫的，到後來才發覺並不是，看到書名，印象很深刻，它很像一本改造模式的書，動人又好的勵志書籍，人要有勇氣才好呢！好比梁靜茹以前的一首歌〈勇氣〉。,0
https://www.books.com.tw/booksComment/memberComment/xxx1395424,https://www.books.com.tw/csss/myacc/images/member-avatar-def.png,橡皮球,Lv.2,5,2016/07/11,一看到書名就被吸引，進而引發思考<被討厭需要勇氣嗎?>一番自我對話後，結論:是的!被討厭是需要勇氣的。尤其面對自己在意的人，需要提起相對的勇氣，才敢考慮做出或說出也許會令對方討厭的事或話。讀了這本書後，更肯定<被討厭是需要勇氣的>，當自己具足了勇氣被討厭，做好了相對的心理建設，才能勇敢表達內在真正想說的，做自己真正想做的，不會再因為對方的回應畏怯不前。因為做好了被討厭的準備而不再害怕被討厭，因為不害怕被討厭，而能更進一步耕耘人我之間的關係。原來讓可怕的人際關係，變成可愛的人際關係並不是想像中那麼困難。,0
https://www.books.com.tw/booksComment/memberComment/xxx1392448,https://www.books.com.tw/csss/myacc/images/member-avatar-def.png,Luya,Lv.1,4,2016/07/11,看完這本書之後，覺得這是一本很奇妙的書，很適合拿來跟朋友、家人討論書中運用了很多心理學依據解釋它的論點，還滿深入淺出的，值得反覆閱讀,0
https://www.books.com.tw/booksComment/memberComment/xxx1392393,https://www.books.com.tw/csss/myacc/images/member-avatar-def.png,XY,Lv.1,4,2016/07/11,『被討厭的勇氣』在這個不被允許『做自己』以及與別人不一樣的社會裡此書的書名已經在第一時間得到大家的關注作者巧妙的運用了哲學家與年輕人互相交流的過程當中來傳達想要給讀者的一些『阿德勒』的教導在閱讀的過程當中內心的疑惑會隨著年輕人的提問以及哲學家的解答而得到些答案是一本可以反覆閱讀反覆思考的書,0
https://www.books.com.tw/booksComment/memberComment/xxx1405509,https://www.books.com.tw/csss/myacc/images/member-avatar-def.png,Reader,Lv.2,5,2016/07/10,以深入淺出的方式探討哲學，是一本非常容易入手的哲學與心理學書籍，繼《為自己出征》《牧羊人的奇幻之旅》後，又一讓人不忍釋手的好書！大推,0
https://www.books.com.tw/booksComment/memberComment/xxx1392245,https://www.books.com.tw/csss/myacc/images/member-avatar-def.png,Summer Chen,Lv.1,5,2016/07/09,「人類的煩惱，全都是人際關係的煩惱」，我們常常擔心別人怎麼看自己、擔心被別人取笑、擔心沒達到某標準，這些煩惱都是和別人有關。回到我們自己本身，要看重自己、接納自己，就要看能不能將課題分離，別人要怎麼看我，是別人的課題；而我要怎麼看自己，才是我需要在意的課題。上了兩年阿德勒輔導學的課，「割捨別人的課題」這句話，常常在我煩惱的時候，浮現在腦海中。靜下心來，想想自己能做的、已經做的、願意做的，這些都做了之後，就能夠放下希望對方配合或是想要改變對方的意念。「因果論」是我們習以為常的思維模式，要轉成「決定論」的思考，需要練習，好好的練習被討厭吧！（被討厭不會怎麼樣的，當然是在不傷人害己的情況下）,0
https://www.books.com.tw/booksComment/memberComment/xxx1391850,https://www.books.com.tw/csss/myacc/images/member-avatar-def.png,Coffeeholics,Lv.1,5,2016/07/08,"要被每個人喜歡是一件很累的事情大家都怕被討厭但 你身旁的人們不可能每個人都喜歡你所以  在這裡我要說 鼓起勇氣讓人家套驗 也是一門學問從另一個角度思考""被討厭""這門學問 你的人生會不一樣",0
https://www.books.com.tw/booksComment/memberComment/xxx1392986,https://www.books.com.tw/csss/myacc/images/member-avatar-def.png,Anlita 彤~,Lv.1,5,2016/07/08,這本書以對話，問答的方式進行，閱讀起來相當輕鬆，像是在看小說，但隨著討論的內容愈來愈深，讓讀者開始自省，思考著對於自身的評價、價值觀為何？以及是以決定論還是目的論為主，閱讀的速度不知不覺開始慢了起來，並且佩服作者能夠以有條理、理性的對話來鋪陳引導讀者去思考這些問題，並從對話中去瞭解阿德勒的學說觀點。書中很多觀點對我而言都相當的另類，真的很需要花時間去思考、消化，但想通了，自己的眼界與觀點也一點一點的慢慢開闊了起來，正如佛家所說境隨心轉，當心念轉變，世界將也隨之改變。這本書真的值得一讀再讀！！,0
https://www.books.com.tw/booksComment/memberComment/xxx1391758,https://www.books.com.tw/csss/myacc/images/member-avatar-def.png,Phe,Lv.1,5,2016/07/08,這是一本什麼時候都能看的書，當心情不好時可以翻開看看、當與朋友吵架時可以翻開看看......。我很認同書中的某個觀點『所以煩惱都來自人際關係』，看到這句話時剛好是我去年最低潮的時候，在學校發生了一些事，開始變得有點不信任人了，於是我很認真看了這部分的哲學家與那位年輕人的辯論(?!)我很喜歡他們對話的口氣，節奏很強烈。 我不知道還可以對這本書說什麼了，只要看過的人都會懂得它奇妙之處，我看過很多有關討論阿德勒的書，就這本『被討厭的勇氣』最深得我心。,0
https://www.books.com.tw/booksComment/memberComment/xxx1391745,https://www.books.com.tw/csss/myacc/images/member-avatar-def.png,Yun,Lv.1,5,2016/07/08,翻閱這本書，不斷的背書中的哲學家提出的想法感到驚喜。『所有的煩惱都源自於人際問題』，一瞬間讓我大夢初醒。書中的年輕人裡直氣壯的辯證也是我的疑問，我們的世界真的如此單純？越往下看、傾心思索那些思想的背後，他們是合為一體、互相輝映的 - 作為人的初心。這讓我從即刻起，不斷捫心自問、檢視自己的行為想法背後所潛藏的一切。作為人，對周遭事物調整到恰到好處的距離、意念與回歸自我。那份看似輕描淡寫、實際上卻是勇敢的堅守著的個體。唯有如此，才能完整契合個體與世界，邁開自由的步伐、以最誠摯的心看待著萬物舞動在無盡的時空中。,0
https://www.books.com.tw/booksComment/memberComment/xxx2414674,https://www.books.com.tw/csss/myacc/images/member-avatar-def.png,chrou,Lv.5,4,2016/07/08,本書深入淺出，以對話的方式引導讀者進行思考，並試著站在讀者會質疑的角度做一次又一次的探討。對專業者來說，本書略為淺白，但不失為推薦使一般大眾認識阿得勒的入門書之一；對一般大眾來說，部份觀念需要反覆咀嚼，一時間無法消化也無所謂，可以放在腦袋裡、生活裡，不斷去探討實踐，或是找個跟你一樣看過書的人來一場哲學論辨。,0
https://www.books.com.tw/booksComment/memberComment/xxx1409889,https://www.books.com.tw/csss/myacc/images/member-avatar-def.png,台中人,Lv.1,4,2016/07/08,看一次和看兩次的感受都讓人有不同的想法，論點看到最後值得讓人回味。,0
https://www.books.com.tw/booksComment/memberComment/xxx1391693,https://www.books.com.tw/csss/myacc/images/member-avatar-def.png,讀過的人,Lv.1,4,2016/07/08,此書我只讀過一遍，唯一還記得的一句話是，所有煩惱都是「人際關係的煩惱」。很多時事其實沒什麼，想開一點，不需要有自卑感。,0
https://www.books.com.tw/booksComment/memberComment/xxx2434206,https://www.books.com.tw/csss/myacc/images/member-avatar-def.png,BTC,Lv.3,3,2016/07/08,書名取的好，能引發人的閱讀興趣，但如果真的對阿德勒有興趣，建議還是從阿德勒本人的著作開始閱讀比較能深入理解該學說真正想傳達的意念。這本書可以說是從一位日本哲學家兼心理諮商師的角度整理過後，運用一些對話來令人反思。畢竟東西方文化根深蒂固的不同，華人文化受儒家思想影響深遠，容易在乎他人的眼光，由他人的評價來肯定自己，而西方文化從來都是講究個人主義，基礎點不同。人類心理、個性的塑造成因是多面向而複雜的，但如果能從淺顯的書中對話得到一點省思，也就達到此書的目的。,7
https://www.books.com.tw/booksComment/memberComment/xxx1406908,https://www.books.com.tw/csss/myacc/images/member-avatar-def.png,cethreleen,Lv.3,5,2016/07/07,書是看人看的，所以請你看的時候，把自己放下好好欣賞前人的智慧。為什麼我會如此說呢？因為我服務單位裡的一個同事，她原本擔任主持人工作，因為過度強勢跟主管同事不合，又無法接受勸戒，甚至在一次政府文化部門委辦的活動中，穿著過度暴露，導致被發包部門杯葛之後，卻在會議上堅持自己的正確性，爾後終至被調往一個培育新人的部門再改造。當時，她在部門會議上謙卑地分享了這本書目，告訴同仁她正在面臨的衝突與改變，之後卻在網路上以各種方式匿名攻擊他人，甚至分化拿走他原來時段的其他主持人間的共榮跟平和，意圖挑起戰爭，最後因為不堪被忽略離職了。在離職後卻仍然不斷地到處放話，無法堅持好聚好散的原則。我永遠記得她在會議上說，這本書讓她從被忽略的痛苦裡重新檢討，但卻讓大家陷入痛苦的深淵。阿德勒是永在的精神導師，卻仍困頓在人的主觀裡，我想這是閱讀這本書非常需要注意的一件事。你要破格的是否是你永誌不改的？,1
https://www.books.com.tw/booksComment/memberComment/xxx1391531,https://www.books.com.tw/csss/myacc/images/member-avatar-def.png,阿內,Lv.1,4,2016/07/06,對於完全不懂心理學的人來說這本書用對話讓人像書中的年輕人一般跟著哲學家以辯論的方式一起探討所謂的阿德勒心理學讓人一讀再讀,1
https://www.books.com.tw/booksComment/memberComment/xxx1391354,https://www.books.com.tw/csss/myacc/images/member-avatar-def.png,詹愛迪,Lv.1,5,2016/07/05,對人生抑或者個人來說，提供了很大的啟發，對於那顆因為心理壓力太大而跨不出去的心做了最好的建設，撥開認知的迷霧，精闢又簡單的對話讓人一目了然。,0
https://www.books.com.tw/booksComment/memberComment/xxx1391344,https://www.books.com.tw/csss/myacc/images/member-avatar-def.png,淨紋,Lv.1,5,2016/07/05,「如果人生想要得到幸福真的可以這麼簡單，那我為什麼會如此不幸福？」在這本書中，作者將阿德勒的思想用兩位第三人稱(哲學家以及年輕人)的對話來做呈現。如果用希臘哲學的角度來說，這就是蘇格拉底擅用的詰問法，也可以稱為產婆術。藉由對話中的辯論思考，除去原本不正確的答案。一開始的衝突非常明顯，在辯答的過程中，年輕人遭受一種類似「面質」的感受，你所認知的一切都將被摧毀。隨著「夜」的前進，你會發現哲學家與年輕人的轉變。這一切無關乎對錯，而是你如何真正的借由阿德勒來認識自己，進而學會讓自己幸福的方法。如果你還在迷惘，來認識阿德勒吧！,1
https://www.books.com.tw/booksComment/memberComment/xxx1391423,https://www.books.com.tw/csss/myacc/images/member-avatar-def.png,艾琳愛書兒~*,Lv.1,4,2016/07/05,"這本書佔據排行榜上長達兩年多的時間，阿德勒心理學的書籍也如雨後春筍般的在市面上出現，當初很好奇是它聳動的書名，還是書的內容真有這麼值得一看？被討厭的勇氣一書，藉由哲學家和年輕人以對談的方式娓娓道來阿德勒的中心思想。雖然說已經三十而立的自己的價值觀和生存的方式已差不多定型，但阿德勒心理學仍然帶給我們看這個世界有另一種詮釋的角度。阿德勒的中心思想是人不要被過去的經驗和創傷絆住，因為一切都是自己的選擇，所以我挺贊同""我們對自己生命是有主導權""的""和為自己人生負起全責的態度""。阿德勒曾說：『世界單純到令人難以置信。』這也讓我想到耳熟能詳的幾句話：「親愛的，外面沒有別人，只有自己。」、「世界的單純與否程度取決於你是單純還是複雜的。」儘管我已經看過一次，當下覺得人生真的很單純，隔天被公司等人際關係場所的瑣事又回到原來的窠臼(笑，也許有些人會覺得諸如此類的書籍總是很難在現實生活中實行落實。人也許該好好放掉自己的頭腦，每天都像新生，把自己重新歸零踏著輕快的步伐去看這個世界。",1
https://www.books.com.tw/booksComment/memberComment/xxx1391180,https://www.books.com.tw/csss/myacc/images/member-avatar-def.png,Dreaming,Lv.1,5,2016/07/04,這本書用的是兩人對話的模式，由淺入深帶入哲學思考的範疇。年輕人與哲學家，年輕人可以算是一般大多數人的想法，讀者很容易就可以將自己投射進書中，而哲學家就像是扮演著人生命中的「心靈導師」，漸漸地帶出人生的哲學思考，深入淺出的方式相當適合初次接觸哲學思考的讀者，其中書中更有提到「所有人的煩惱都是人際關係的煩惱」這個關鍵句子貫穿全書，也恰恰符合了「被討厭的勇氣」這本書名的宗旨。即使視同一本書，不同人、不同時間、不同地點閱讀起來都會有著非常不同的感受，但閱讀這本書會得到的領悟保證都是非常充實正向的!我從此書中得到了「勇氣」，期望所有看過此書的人都能夠有新的收穫!,1
https://www.books.com.tw/booksComment/memberComment/xxx1391175,https://www.books.com.tw/csss/myacc/images/member-avatar-def.png,涼麵麵,Lv.1,5,2016/07/04,第一印象是這本書會不會一直說理論很乏味阿！！但是又很多人推薦~~【其實你會很想繼續看下去】，因為我們不同的性格都被阿德烈說中我都沒發現的特點和一直改不了的習慣，都是因為根深柢固不想改的觀念，看到這種說法其實很想反駁說沒有沒有，我超想改變的!!但  我的言行並沒有一致，一直重蹈覆轍。本書運用哲學家與年輕人的對話呈現，讓我很想繼續看下去。好好準備未來的期望這就是高手與我的差異，讓我警惕自己要改變的決心。來一起變高手~~~(作筆記做不完.......),0
https://www.books.com.tw/booksComment/memberComment/xxx5449138,https://www.books.com.tw/csss/myacc/images/member-avatar-def.png,臣,Lv.4,4,2016/07/04,被討厭的勇氣是一本光書名就很吸引人的書，因為每個人本質上都想做自己，但現實上卻是害怕被他人所討厭排斥，所以最後總是選擇偽裝自己而討好他人。這本書與其他相似的書籍中，最大差異在於藉由哲學家與年輕人的對話，一步步慢慢的將我們帶入書中世界。年輕人的問話就像我們的自我掙扎，而哲學家的回答則令我們反思自己的理念，這不是一本能夠快速翻閱後理解的書，如同年輕人每過一夜後，經過思考便又有了新的疑慮，這本書的每一個章節其實都需經過沈澱才能慢慢體會。儘管這是個費時的過程，但無法否認它確實值得一讀。,22
https://www.books.com.tw/booksComment/memberComment/xxx1391104,https://www.books.com.tw/csss/myacc/images/member-avatar-def.png,Shin,Lv.2,5,2016/07/03,值得推薦的一本書，雖然只是單純的對話，但從中可以發現不少也是同樣困擾著我們的事物，書中的年輕人如同一面鏡子，映照著我們自己,0
https://www.books.com.tw/booksComment/memberComment/xxx1391088,https://www.books.com.tw/csss/myacc/images/member-avatar-def.png,額,Lv.1,5,2016/07/03,一開始看這本書的時候，覺得完全能體會這個年輕人的心情，這位哲學家倒底再說什麼東西啊，真是不可理喻，但每讀完一章卻又會不知不覺從頭再讀一遍。很神奇的是，每翻一章，都會跟當下自己遇到的狀況類似，看完都會得到不同的啟發。這是一本需要反覆咀嚼的書，不用一氣呵成讀完，可以分次慢慢看，值得一讀再讀！,0
https://www.books.com.tw/booksComment/memberComment/xxx1391121,https://www.books.com.tw/csss/myacc/images/member-avatar-def.png,吉兒,Lv.1,4,2016/07/03,顛覆既往的價值觀！因果關係真的是如此嗎？是因為以前的創傷而導致現在的束縛嗎？還是根本就是自己發自內心的逃避？很值得一看的書！,0
https://www.books.com.tw/booksComment/memberComment/xxx1391079,https://www.books.com.tw/csss/myacc/images/member-avatar-def.png,藍天女孩,Lv.1,4,2016/07/03,還沒看這本書時，就被這本書的標題吸引，進而買來閱讀。在讀這本書時，讓我看見了不一樣的視野，就像是世外桃源一樣，我清楚現在的我很怕被討厭，在意世人眼光，也沒辦法做自己想做的模樣，但就是沒有辦法改變，但這本書帶給我走向不同的觀點，重新認識自己，給自己自信，做自己想做的事，我覺得是很推薦的一本書，雖然每個人的看法不同，但是救我來說，這本書帶給我的影響很大，也希望能夠影響下一位讀者，能夠更有自信，更有想法的走出自己的人生！,0
https://www.books.com.tw/booksComment/memberComment/xxx2392219,https://www.books.com.tw/csss/myacc/images/member-avatar-def.png,你知道的,Lv.3,4,2016/07/03,兩年前看到被討厭的勇氣，它的書名 和簡介還滿吸引人的，內容算是現代人急需要面對的問題，我們不該只是顧慮別人，更應該顧慮的是自己；此外，有大部分的人際問題 都是自己憑空想像出來的，現實生活根本沒有這樣發生， 不要去多想，要多正視自己，往自己的目標前進，才是身為自己活著的意義,1
https://www.books.com.tw/booksComment/memberComment/xxx1390977,https://www.books.com.tw/csss/myacc/images/member-avatar-def.png,草央,Lv.1,3,2016/07/03,不管是否已經出了社會，人類都是群體生活，每天需要跟人相處，如果你很在意別人對你的看法、評價，這本書很適合閱讀，透過哲學家與年輕人的對話，這本書並不生硬難懂。,0
https://www.books.com.tw/booksComment/memberComment/xxx1390818,https://www.books.com.tw/csss/myacc/images/member-avatar-def.png,PC王子,Lv.1,5,2016/07/01,生活的環境對每一個人而言始終不變的，會變的是人心，唯有自我內心的啟發調適，你會感受到世界是單純幸福的，阿德勒心理學教你如何激勵改變自己的內心，不必在乎世人眼光，盡管被人討厭亦有被討厭的勇氣，找回真實單純且善良的自己。,1
https://www.books.com.tw/booksComment/memberComment/xxx1390816,https://www.books.com.tw/csss/myacc/images/member-avatar-def.png,Jing,Lv.1,5,2016/07/01,這是一本值得推薦的好書.自己很喜歡,1
https://www.books.com.tw/booksComment/memberComment/xxx1390799,https://www.books.com.tw/csss/myacc/images/member-avatar-def.png,客觀人,Lv.1,5,2016/07/01,從小我們都喜歡接受被讚美，對於批評總是比較難接受，因為人性本來就容易接受好的部份，不好的部份，是我們急於想擺脫，也不想承認，更不願意接受的。       所以本書說的要接受被討厭的部份，也就是除了正面、正向的部份，人生也有更多負面和負向的部份，也是要一起接受，更是值得學習的部份。       還有就是要包容自己的缺點和過失，放過自己也是一門功課，當大家都在嚴以律己、寬以待人的時候，更重要是要包容自己，接受被別人討厭或批評等負面的能量。,2
https://www.books.com.tw/booksComment/memberComment/xxx2428418,https://www.books.com.tw/csss/myacc/images/member-avatar-def.png,Maggie Hsu,Lv.2,4,2016/07/01,"一直以來...我是父母眼中的乖小孩、師長眼中的好學生、主管眼中的好部屬，然而...當我照了鏡子，卻看到不及格的自己,我曾經為了自己做了什麼？但...我實在很害怕...看到別人對我失望的表情阿!然而，夜深人靜時，也不免思考過，自己活了三十幾年，只為了收集全套的乖寶寶印章嗎？就算集到了，我的人生又如何？書中有些地方會讓人嘖嘖稱奇的讚嘆（阿～對啦！我怎麼沒想過原來是這樣），也有地方會讓人覺得不認同（最好是這樣!如果作者是我也會像我這樣做），但是，文中至少它挖出了埋藏在心裡深處，一直不去面對的自我!拋棄認同，追求內心的自己時，會不會被排擠呢?以東方文化來看，大多數的可能是會！！而且不免被掛上怪胎、難搞的字眼!搞不好還會被霸凌!但如果拋棄了部份不重要的認同，得到更快樂的自己，也或者，當你放手掉某些事情時，你以為會全盤不可收拾，然而發現，太陽依舊東邊升起，其實自己並沒有這麼重要!如果這樣，就讓我們走吧～就讓他們討厭吧～這本書就像是一套鍋具，你有多少食材(人生歷鍊)，你就有法子變化出多少菜色(體會箇中含意)，不同年齡時，都可以來好好玩味~但也別為了真實的自我，拋家棄子～書嗎！參考就好!作者可不會為你的後果負責任的！",1
https://www.books.com.tw/booksComment/memberComment/xxx3451183,https://www.books.com.tw/csss/myacc/images/member-avatar-def.png,Frankre,Lv.3,4,2016/07/01,第一次輕鬆看過但沒有什麼收穫。由於又接觸到阿德勒這位有名大師的啓發再看一次，這時有了一個啟發:它內容說得還不錯，文字也滿通暢。是想再看一次的好書，推薦給心理學有興趣的人翻看翻看。,0
https://www.books.com.tw/booksComment/memberComment/xxx3451183,https://www.books.com.tw/csss/myacc/images/member-avatar-def.png,Frankre,Lv.3,4,2016/06/19,看了一遍沒有什麼感覺還以為翻譯也沒有甚麼通順ˇ直到看了一本提到阿德勒心理學有關的書才發覺本書有類似的地方再重讀一遍才發覺它的長處原來阿德勒還是與弗洛以德  榮格齊名的三大心理學家之一的人物細細再看果然有它特殊的地方---譬如活在當下*以社會人際關係為對象*活出勇氣等等相信該書不但值得讀也值得繼續朝向心理學而研究,0
https://www.books.com.tw/booksComment/memberComment/xxx1389858,https://www.books.com.tw/csss/myacc/images/member-avatar-def.png,小早,Lv.1,5,2016/05/26,這本書我不到10頁就不看了，一方面是朋友先破了一些梗，好像有提到說沒有憂鬱症這種東西，我沒有實際去看完，因為沒興趣了，大家都覺得對話方式很有趣，我不覺得，倒是覺得枯燥乏味，而且還否定了憂鬱症的存在，我不懂怎麼可以那麼自以為是呢,10
https://www.books.com.tw/booksComment/memberComment/xxx1389412,https://www.books.com.tw/csss/myacc/images/member-avatar-def.png,Amy,Lv.4,5,2016/04/25,人為什麼會被討厭？就像是哈密瓜一樣，有人喜歡、有人不喜歡。收到負評之後，能不能有面對他的勇氣？還是就是一個玻璃心的不檢討自己，一昧的錯怪別人？噗，那真的是修養的問題囉。期望自己要當一個擁有被討厭的勇氣的人。,1
https://www.books.com.tw/booksComment/memberComment/xxx1388534,https://www.books.com.tw/csss/myacc/images/member-avatar-def.png,水,Lv.2,4,2016/04/11,看這本書時我還是個高中生，我認為這本書像是小說般以對話形式進行的筆法顯得不那麼艱澀難讀，但有些內容還是有點太晦澀，也許真如書中所說，要過多年才會真正領悟吧。我對裡面部分看法不太認同，我認為這樣的心理學太過理性、太過理想，但作為心理勵志而言，這不失為一個參考和鼓勵。非常推薦一讀，想樣自己是與書中的哲學家和年輕人一同坐下來暢談的第三人，一起加入這段思考對話。,2
https://www.books.com.tw/booksComment/memberComment/xxx1387899,https://www.books.com.tw/csss/myacc/images/member-avatar-def.png,家卉,Lv.1,5,2016/03/23,"""做自己""是很常聽到的一句話，但怎麼做? 定義在哪裡? 只需要勇氣而已? 在做自己之前，必須要先認識自己，這是很重要的一個環節，但很少人提到。這本書透過對話的方式，沒有艱深的專有名詞讓不是心裡學的人都能讀懂，讓每個人都有機會了解自己，才能夠快樂的做自己。",1
https://www.books.com.tw/booksComment/memberComment/xxx3456156,https://www.books.com.tw/csss/myacc/images/member-avatar-def.png,了月,Lv.2,5,2016/02/27,這是一本讓我一邊讀一邊又感動慟哭又開懷大笑的書。笑的是一直以來背負在身上的沉重枷鎖，終於脫落了，原來我不用再這樣活得那麼累，終於自由了；哭的是生命中竟是可以如此單純而幸福，而自己的價值與生命意義確實由自己來定義。讀畢闔上書頁，過去的舊我已逝，我準備開啟一段新的人生旅程。,5
https://www.books.com.tw/booksComment/memberComment/xxx2394401,https://www.books.com.tw/csss/myacc/images/member-avatar-def.png,惠貞,Lv.2,5,2016/02/26,很棒的書，以往我們總是會拿過去的經驗當作退縮的理由，這本書看完後，有突然豁然開朗的感覺，過去的經驗不管是好是壞都不該是藉口，現在的你是為了美好的未來而努力，你怎麼看世界，世界就是怎麼樣，完全顛覆舊有的思維,0
https://www.books.com.tw/booksComment/memberComment/xxx1387098,https://www.books.com.tw/csss/myacc/images/member-avatar-def.png,Ura,Lv.2,5,2016/02/26,這本書的書名太簡潔，不足以涵蓋內文的精彩。從成長中的起頭到現在，我們已被塑造且不容易再被改變，除非「發現這樣不好」，改變才可能發生。於是裡頭開始用本我和阿德勒理論，兩者共同的討論，本我是激昂的、是永遠自認正確的；阿德勒精神，是冷靜的。基本上我們已經很難被說服，這本書卻是一種提醒，一種將我們打回初衷的方式－－剛來到這世界且尚未被過度修飾的狀態，去思考一切的事情。唯有將生命進樣放到「零」的位置，才可能接受「新的」，當然，我們都不能夠太過極端的抓住某個理論或某個自認美好的事情，強迫別人也如此。以一個推薦者的角度，我鼓勵想不經意、隨手看書的人，可以自在的咀嚼這本書的道理。,0
https://www.books.com.tw/booksComment/memberComment/xxx1386902,https://www.books.com.tw/csss/myacc/images/member-avatar-def.png,小冷,Lv.1,4,2016/02/18,過度的追求別人的認同，害自己迷失了自我，自己真的需要那些嗎?我讀到快這本書的一半的時候，我開始詢問我自己，得到別人認同，真的是我想要的嗎?書裡有句話說「老是想要尋求別人的認同、在意他人的評價，到最後你過的是別人的人生」，所以我之前都是在過別人的生活嗎?我要去改變這是我第一本可以一次就看好幾頁，想繼續看下去得書,1
https://www.books.com.tw/booksComment/memberComment/xxx1393841,https://www.books.com.tw/csss/myacc/images/member-avatar-def.png,APPLE,Lv.4,5,2016/01/27,不必執著一些的事情上別人討厭你又怎樣 ?自己活得快樂就好越是在乎越是被束縛著 何必讓自己活的不開心。我們生來不是為別人活 而是為了自己 是本好書 值得一看,3
https://www.books.com.tw/booksComment/memberComment/xxx1387920,https://www.books.com.tw/csss/myacc/images/member-avatar-def.png,Dawn_,Lv.1,4,2016/01/22,我們為什麼會討厭自己?或是過度害怕被別人討厭，其實所有的煩惱都是自己造成的!就拿書裡提到的自卑感來說，每個人都有自卑的時候，常常因為自卑而痛苦，但是阿德勒清楚區分了自卑感和自卑情結兩個差異，其中的自卑感轉換成讓我們前進的動力，是有益於我們成長的我總認為唯有自己在低潮黑暗時才能不斷的翻轉自己，在越黑暗的谷底才能看見光點的存在，這也是非常矛盾的，因為誰也不想這樣吧!要記得我們不是追求他人認同而活在這個世界，我們無法討好所有人，阿德勒說「被別人討厭，就是活得自由的證據。」從今天開始不要再回頭看，別被過去所束縛，因為今天的自己都能比昨天的自己更有勇氣!,3
https://www.books.com.tw/booksComment/memberComment/xxx1386043,https://www.books.com.tw/csss/myacc/images/member-avatar-def.png,君,Lv.1,5,2016/01/17,裡面的文章能夠一看就明白。很好去理解。好多的新觀點教導，讓我們知道人生其實可以過的更好，更簡單。把以前腦中複雜化的人生觀，其實我們可以簡單不複雜。真的希望人人都應該看看這不一樣觀點的書。相信一定有幫助的。,1
https://www.books.com.tw/booksComment/memberComment/xxx1385766,https://www.books.com.tw/csss/myacc/images/member-avatar-def.png,joseph,Lv.1,5,2016/01/06,由於過度追求別人認同或人生意義，導致在自由和幸福綁上一個又一個繩結。感謝寫書的作者們，讓我有斬斷些繩結的勇氣!,1
https://www.books.com.tw/booksComment/memberComment/xxx1385360,https://www.books.com.tw/csss/myacc/images/member-avatar-def.png,隨機的沉思者,Lv.3,5,2015/12/20,"這本書剛出版的時就因為書名標題很""反動""，深深觸動本人的""反骨""心靈。不過更聳動的是封面下邊的附註說明；「所謂的自由，就是被別人討厭。」還有另一句「有人討厭你，正是你行使自由、依照自己的生活方針過日子的標記。」乍看之下很有尼采般超人意志的風格，而我對於自由的概念是比較傾向於康德的""自律的人，才是自由""。不過對此還是要閱讀過本書內容，才會有更進一步的認識。畢竟書標只是噱頭囉!!而且這些書商真的很會做生意，我買這本書是第15刷，最近到書店去翻翻逛逛時，發現本作品已經第五十幾刷囉!!書中的兩位主角，一位是提倡""世界無比單純，人人都能幸福""觀念的哲學家，與一位憤世忌俗的年輕人，藉由兩者之間的對話，娓娓道出阿德勒個體心理學的獨到見解，讀完後著實讓我驚喜莫名，獲益良多。因為是對話體的編排方式，文字很平易白話，而且對話很精彩，扣人心弦，完全沒有艱深冷僻的心理學名詞或概念，讓人一讀就上癮，輕鬆無負擔。",9
https://www.books.com.tw/booksComment/memberComment/xxx1386555,https://www.books.com.tw/csss/myacc/images/member-avatar-def.png,Wade,Lv.2,5,2015/11/30,"書中許多部分的見解能啟發人深省, 可以一次看完, 也可以慢慢咀嚼,對缺乏意見的人, 對未來缺乏方向的人, 對人生沒有自己態度的人,這本書能改變你.",3
https://www.books.com.tw/booksComment/memberComment/xxx1384868,https://www.books.com.tw/csss/myacc/images/member-avatar-def.png,光正堂,Lv.2,5,2015/11/25,心理哲學類的書籍我向來就不排斥，以前我多是看傅佩榮博士的著作，但也知道這類書籍有一定的入門難度，不算是大眾市場的口味，但是出乎意料，這本寫作方式是非常合適大眾口味切入！        一般的哲學書籍，一旦立論點無法第一時間說服讀者，很容易被讀者一句「鬼扯」後束之高閣，沒有再次說服讀者的機會。但是這本是從辯論角度詮釋，在讀者罵出「鬼扯」之際，書中主人翁，一位憤世忌俗的年輕人已經先開砲攻擊代表阿德勒智慧的老人，這應該會吸引不認同者繼續閱讀下去，看老人如何化解自己、喔，年輕人的質疑。        就阿德勒的立論點而言，我原本就是接受的，因為這跟我先前受到的『領袖訓練』內容一致。我甚至覺得我花錢去受訓上課的課程設計，幾乎是根據這阿德勒理論製作出來的。        阿德勒理論，在講究因果關係的心理學認知上，有著倒果為因的逆天論點，這點會挑戰很多對現實不滿、自怨自艾的人們。我遇到許多總是抱怨現況、認為自己無能為力，只是被環境迫害的朋友，而這些人給自己臺階下的保護傘也常一再被戳破。        人生的可能性，會因為在乎「求認同」而被相對犧牲掉多少呢？        你願意為了「求取認同」而犧牲自己的可能性嗎？        當這個社會充滿『仇富』的氛圍，人可以為了「被認同」而選擇加入『仇富』的行列。但為了保持這種被認同感，既使知道富人如何致富，也會特意避開這些行動來讓自己保持在有資格仇富的地位上：也就是保持窮人的身份。        到底是有錢人為富不仁迫害我們，使我們貧窮嗎？還是我們刻意讓自己保持貧窮，以便融入周圍的群體，一起撻伐有錢人？最可怕的，莫過於我們發現其中的奧秘，越是貧窮，越有資格破口大罵，還受到周圍沒那麼窮的人的尊敬與關愛。        像是拿到丐幫至高無上的打狗棒，捨不得放開，讓自己捲入更多的不幸。        有錢人、成功人士，這些人總是特立獨行，他們真的在乎有多少人認同他們嗎？        何者是因？何者是果？當你對現實人生不滿，不妨看看這本說重新想想。,4
https://www.books.com.tw/booksComment/memberComment/xxx2396477,https://www.books.com.tw/csss/myacc/images/member-avatar-def.png,Y,Lv.2,4,2015/11/06,心理學的理論實在精彩，但被討厭的勇氣的寫法實在很特殊引人啟發。雖然有些句子要思考許久，不過哲學家的犀利實在令人讀來難忘呀！,0
https://www.books.com.tw/booksComment/memberComment/xxx2421679,https://www.books.com.tw/csss/myacc/images/member-avatar-def.png,Sugarcane,Lv.4,1,2015/11/02,日本人消化過的阿德勒融入了日本人特有的絕對語言與不容置移，也加入了日本文化的扭曲與評斷。想瞭解阿德勒還是看本人原著比較好，別人消化過的東西多少摻了點自己的想法。除了日本扭曲味很重之外，提出的議題是值得思考一下，但要有自己的獨立思考與觀察。盡信書不如無書。,21
https://www.books.com.tw/booksComment/memberComment/xxx4442476,https://www.books.com.tw/csss/myacc/images/member-avatar-def.png,yenling,Lv.2,5,2015/09/17,藉由蘇格拉底的對話形式，循序鋪陳一針見血的文句，讓這本既是心理學又是哲學的著作，變得易讀好懂。例如「軟弱是最強大的力量，嬰兒就是用軟弱支配大人」，是不是令人拍案叫絕？讀到「課題分離」，哲學家以親子關係來比喻，讀書是孩子的課題，父母無論怎樣把孩子的課題全部背負在身上，孩子畢竟是獨立的個體，「別人不會為了滿足你的期望而活」，就算是自己的孩子也一樣。到最後講到人生不是直線，是一連串的剎那，「人生中最大的謊言，就是沒有活在當下。沈溺於過去、不斷張望未來，讓自己所有的人生都映照在微弱的燈光下，還以為自己看見了些什麼」。看到這裡，我才明白一直以來自己以為是在追求目標，實則卻是蹉跎光陰，然後得到的只是一再襲來的無力感，原因就是，我沒有「成就當下」。或許我還整理不出阿德勒心理學的學說體系，但書裡太多文句給人當頭棒喝，不時翻閱，都能給人警醒與勇氣，讓人懂得在人際關係如何自處，獲得自由與幸福。附帶一提，本書翻譯極好，符合中文用語，為理解本書內容加分不少。,0
https://www.books.com.tw/booksComment/memberComment/xxx1383284,https://www.books.com.tw/csss/myacc/images/member-avatar-def.png,夏雨薇,Lv.1,5,2015/09/17,我們或許都曾經抱怨我們出生不能選擇更好的家庭，後天中默默地影響著我們，但我們都沒有發現就算是光鮮亮麗的家庭中出生，卻也背負著很多的事情，這之中我們又將如何去面對這樣的人生？我們都用著佛洛伊德的心理學系統，因果論，但其實很多結果並非我們所想的如此，這樣的我們又該如何面對自己？如果你在人生中迷茫，該來看這本書，省思做過的事，現在的狀態，好好把握當下，而非頻頻回頭。,2
https://www.books.com.tw/booksComment/memberComment/xxx1382802,https://www.books.com.tw/csss/myacc/images/member-avatar-def.png,橘澄,Lv.1,5,2015/09/02,我的意見有很多就像裡面年輕人，但裡面的哲學家卻一步一步的帶我走到他的路上去看世界。  在看這本書的時候，我真的只能一點一點的看，因為我需要思考的時間，我需要了解他其中的意義，從我原本比較灰暗的思考覺得沒有問題，但卻發現從哲學家的思考過生活看來真的比較容易，要做什麼事情要由自己決定，別人的意見永遠只是別人的意見。  以前朋友總是說「他們講什麼是他們講，我們不能決定他們要說些什麼」，但是我們應該想「他們說些什麼也不能決定我要做些什麼，讓我好好的過好自己的生活吧!」，這些書裡告訴我的這些讓我重新改觀自己的生活模式，不是說自我中心，而是在別人的閒言閒語中得到寧靜的自我，不受他人干擾。  「有人討厭你，正是你行駛自由、按照自己的生活方針過生活的標記」這是我看到很經典的一句話，就在封面底下，這句話並不是說所有人都要討厭你，你才自由，而是你應該隨著自己的心去過生活，不管他人的「各種」意見，就算被討厭，所做的選擇也會是自己想要的，而不是順從他人，傻傻過生活。  裡面也教會我，該走自己不確定的路，而不是家人給的穩定的路，雖然家人給的路比較不會迷惘，但卻失去那冒險過程中的意義，失去了迷路要自己找出出路的能力，生活有很多事需要冒險，是需要自己的堅持去試出來的。  五顆星的原因是以上我給的結果，我必須承認我還沒有完全找出自己要的是什麼生活，但我已經找到「按照自己的方式過生活」的思維，接下來的路我想應該會更加艱辛，但是我想冒險，想去找出自己喜歡的路，不管別人的建議如何!,2
https://www.books.com.tw/booksComment/memberComment/xxx1392243,https://www.books.com.tw/csss/myacc/images/member-avatar-def.png,陳震儒,Lv.1,5,2015/07/21,這是一本把艱深的道理用有趣對話方式進行探討與研究的書，書中的內容很多一開始提出來，我跟那位少年一樣深感不認同，但細細的看完最後，會覺得，自己的人生是由自己所賦予其意義的很重要，而不是別人所認定的人生與自己，一直以來常會有不要問自己而活，那樣很自私的想法，但看完這本書後加以思考，要過怎樣的人生應該由自己做選擇與決定，而更重要的是當做出決定就要為這個選擇負責，而不是事後找藉口或理由來塘塞，或乾脆鴕鳥心態視而不見，這本心理學的書卻不像一般大眾認知的心理學，艱深難懂，很適合各個年齡層的朋友閱讀。,0
https://www.books.com.tw/booksComment/memberComment/xxx1382026,https://www.books.com.tw/csss/myacc/images/member-avatar-def.png,馬嗑書叢,Lv.2,5,2015/07/10,本書開頭開宗明義地說：「世界無比單純、人是可以改變的、誰都能獲得幸福。」隨著書一頁一頁地翻下去，我們會慢慢看懂作者想表達的思想。阿德勒提出與佛洛伊德「決定論」背道而馳的「目的論」，他認為我們應該追究的不是過去的原因，而是現在的目的。以前我認為「過去」發生的事情，決定人的「現在」，可在阿德勒來看是十分吊詭的。按照這樣的邏輯來思考，那麼人一生出來所有的事情都被決定好了；被家暴的人以後不會再得到幸福；父母異離的人也不再能感受到家庭的溫暖。而目的論在意的是現在，你如何看待過去發生的事情，決定你現在的人生。就好比我們感冒去看醫生，醫生從頭到尾只跟你說：「你會感冒是因為昨天出門穿太少。」然後呢? 重點應該擺在現在感冒很不舒服的事實，然後開藥或打針提供治療服務才對。阿德勒強調：「不要由經驗來決定自我，而是由我們賦予經驗的意義來決定。」        作者寫道：「所有的煩惱都來自於人際關係。」我們都覺得孤單是因為一個人，可事實是因為有其他人的存在，我們才會感受到孤單，這是相對而非絕對的感受。這些折磨我們的情緒、自卑感都不是客觀的事實，而是主觀的解釋。阿德勒主張自我認同，而非向他人尋求認同。我們可能會認為，有了他人的認同才會感覺到自身價值。但這樣很容易衍生出一種錯誤的心態：「如果沒有人稱讚我，就不採取適當行動。」阿德勒並非主張我們活在自己世界裡耍自我，而是不要為了滿足別人的期望而活。猶太教的其中一條教義寫著：「倘若你不為自己的人生而活，究竟誰要為你的人生而活?」同時我們也必須做到不涉入他人的課題，因為大多數的人際關係紛爭，都是因為我們一腳踩進別人的課題裡，或是自己的課題遭到干預所引起的。這讓我想起一篇文章寫的德國小學教育，開學第一個禮拜老師會在家裡拜訪家長，並且禁止家長做5件事：「不可介入孩子的作業」、「不可擦掉孩子寫錯的字」、「看見孩子的作業有錯誤，不可以說破，讓孩子自己去發現」、「孩子不會造句，不要協助他，要讓他自己思考」、「不可在孩子寫作業時坐再一旁監督」，如此一來孩子學習的機會才不會被家長剝奪。        本書最有意思的地方是它採用對話式，由一位智者與年輕人的對白堆疊起這本書。而每次智者提及了什麼理論，我心中會馬上浮現：「屁啦，阿你這樣講都不用理別人啦!」書中的年輕人在下一行馬上就會提出與我一樣的異議。它對我來說是千真萬確的打臉書，阿德勒的許多觀念都與我過去的觀念相牴觸，且阿德勒的思想都實實在在地戳中我的盲點、打了我的臉，整本書看完後都感覺臉熱熱的。如果人生最後只能再看一本書，我一定會選這本。,0
https://www.books.com.tw/booksComment/memberComment/xxx1381093,https://www.books.com.tw/csss/myacc/images/member-avatar-def.png,Jonny Lai,Lv.1,5,2015/07/01,這本書的透過對話的過程讓閱讀者可以容易融入情境當中並且讓人聯想到同樣的疑問再從中體會到一些解答是本好書!,1
https://www.books.com.tw/booksComment/memberComment/xxx1396044,https://www.books.com.tw/csss/myacc/images/member-avatar-def.png,Stephanie,Lv.1,5,2015/06/04,改變我一生的書!藉由年輕人與哲學家的對話，帶領讀者一步步了解阿德勒心理學，年輕人所問的問題其實也是讀者的問題，而哲學家的解答則一一解開了人生的困惑。我們太在意這世界上其他人對我們的認同，卻沒發現自己因此過著的是其他人的人生。我們太想要操控其他人來獲取自己想要的東西，卻失去了對另一個個體的尊重。其中的詳細邏輯脈絡及疑問，都以淺白的文字解釋得非常清楚。這本書讀到一半，我已經知道它將改變我的人生觀，價值非同小可。台灣的教育總是對父母、師長言聽計從，卻未理解到這樣教育的危險。我們都需要勇氣，一路在生命中勇敢做出決定，為自己完全負責，以達成完整的個體。所有人都應該要看的一本書!,0
https://www.books.com.tw/booksComment/memberComment/xxx1387472,https://www.books.com.tw/csss/myacc/images/member-avatar-def.png,何芝芸,Lv.1,5,2015/06/01,看完此書，解決從就學開始到現在一直困擾著我的「課題分離」問題，以及對於「改變的勇氣」，原來很多事情不是無法改變，而是尚未被發掘。如果你正在為某些問題而困擾著，建議可以購買此書，無論他是否能真正解決你的問題，我能保證的是，他能指引你發現下一步該如何做。,0
https://www.books.com.tw/booksComment/memberComment/xxx2419445,https://www.books.com.tw/csss/myacc/images/member-avatar-def.png,曉時光,Lv.3,5,2015/05/19,"光看書名,你心裡想到的是什麼呢?你可能會以為作者要教你做自己,不畏他人眼光然而這只是一小部分而已!誠摯的推薦這本書真的值得列入一生必看的經典之中也許有些人會說,阿德勒?根本就沒聽過這個人如果他的理論真的這麼好,為何沒有盛行?因為阿德勒提出的思想並非從眾行為大家習慣跟隨多數人腳步及看法,來讓自己看起來沒這麼特立獨行但我想分享的是,如果現在有一個讓你改變的機會你願不願意敞開心胸嘗試看看?你的心有多大,世界就有多大,也就能越自由有時候遇見一本好書也是需要天時地利人和的!第一次發現這本書是在博客來的排行榜上但不知為何當時拿到書後翻了幾頁就看不下去了直到某天像被潛意識指引般,我又拿起這本書然後用了3天晚上睡前的時光,分段地把這本書讀完越到後面越緊湊,有種謎底就要揭曉的刺激感<第一夜>哲學家與年輕人的對話,一步步引人入勝腦袋也不斷被衝擊著許多新的思考,像這年輕人一樣,頭上冒著許多問號燈例如:阿德勒心理學中的「目的論」主張我們的現在與未來,和過去所發生過的事並沒有關係!我們現在的所作所為,包含情緒的產生,背後都藏著一個目的舉個簡單的例子來看:有一個小孩從小被父母虐待你認為將來他長大會出現偏差行為,還是變得積極向上?其實並沒有一定吧!過去的經驗並不能決定未來,而是由我們賦予這個經驗的意義來決定!以我看完的理解,哲學家會說背後有一個目的的原因,是因為我們生活中的每一個瞬間都在做選擇「你的人生決定於當下」,只要你有勇氣跳離現在的舒適圈不再拼命為自己找一些不去做的藉口,例如怕失敗.怕被人取笑.擔心未知的困難你的人生是可以過得更幸福,更簡單!<第二夜> 所有煩惱都來自於人際關係!哲學家和年輕人在第二夜的對談讓我感覺好貼近生活啊!我們對自己的評價常常是來自於和其他人比較的結論但這只是我們主觀的感受及認知,所賦予的意義罷了就像書裡說的,「我們無法改變客觀事實,卻可以更改主觀的解釋」所以每個人其實都有選擇的自由,端看你有沒有勇氣為自己做出改變這本書一共有5個篇章我只能說讀完讓我很震撼,還需要細細咀嚼思考一番最後我想用書裡的後記當作結尾:要身體力行、實踐阿德勒思想,並不是那麼容易的事,這當中或許有一些說法和建議會讓你無法理解、難以接受,甚至想提出反駁,但阿德勒思想的確有改變人們一生的力量,關鍵就在於你是否擁有跨出那一步的「勇氣」。",1
https://www.books.com.tw/booksComment/memberComment/xxx2433004,https://www.books.com.tw/csss/myacc/images/member-avatar-def.png,ella,Lv.3,5,2015/05/08,"看完這本書後,它影響我很久, 持續好久的日子,一直都會想到書中所提的,一問一答的方法,不乏味,順暢地一直往下看,專注在書中,看這書,好像也在看心理醫生一樣, 同時被治療了.幾個論點都讓人省悟和深思,我大約分3次看,一次專注看了1小時左右,會很想繼續看, 繼續被治療.已經向朋友推薦了2次, 非常值得推薦的好書.",0
https://www.books.com.tw/booksComment/memberComment/xxx1379392,https://www.books.com.tw/csss/myacc/images/member-avatar-def.png,Anita,Lv.1,5,2015/04/18,"以思考與論辯的方式來引導, 理解其論點, 引人入勝, 閱讀時有趣易懂, 引起共鳴並能給讀者勇氣與力量, 很值得一看的好書.",0
https://www.books.com.tw/booksComment/memberComment/xxx1379687,https://www.books.com.tw/csss/myacc/images/member-avatar-def.png,Lillian,Lv.3,5,2015/04/12,類哲學的心理學，並以柏拉圖對話式的方式引導讀者。比起佛洛伊德或榮格心理學的沉重感，阿德勒的心理學讀起來輕鬆許多，值得一看！,0
https://www.books.com.tw/booksComment/memberComment/xxx1379246,https://www.books.com.tw/csss/myacc/images/member-avatar-def.png,jiyuu,Lv.1,5,2015/04/12,"The secret to happiness is freedom... And the secret to freedom is courage.Thucydides(修昔底德)以上是我很喜歡的一句話姑且不論修昔底德本人的原意是否真是如此(我搜尋了一下,這好像是後人解讀的,畢竟是希臘時代的人,很多事物已不可考)但我很喜歡這句話 覺得十分有道理我已經記不太清楚當初為何會讀到這句話依稀的印象是 那陣子我突然開竅決定要開始勇敢追尋自己的自由於是開始在網站上搜尋 自由這個關鍵字想要找到一句可以激勵自己的話大概就是那時候看到的吧今天在讀""被討厭的勇氣""這本書時突然發現""被討厭的勇氣""在討論的內容不就是修昔底德的這句話嗎?!擁有幸福的祕訣是自由擁有自由的祕訣是勇氣本書亦提到了 :自由地活著 才能讓人感到幸福想要自由地活著 就必須要有""被討厭的勇氣""那麼這種勇氣應該可以算是修昔底德所說的其中一種勇氣吧!繼昨天看完""拋開過去，做你喜歡的自己：阿德勒的「勇氣」心理學""後因為感到很好奇,就去找了""被討厭的勇氣""來看這本書以年輕人和哲學家對談的方式呈現如同古希臘時代 蘇格拉底與學生們辯論討論一樣藉著問答對談釐清阿德勒的個體心理學我看的時候也和書中年輕人有一樣的疑惑看到年輕人提出問題時 會想: 對!對! 這裡我也不懂, 哲學家要怎麼解釋呢?感覺很有趣! 哈哈其中讓我最感疑惑的是哲學家提到""貢獻感""的部分哲學家提到""貢獻感""是對他人做出貢獻後自己主觀感覺到有貢獻感而個人如果能擁有貢獻感的話,就能擁有幸福但又提到""貢獻""不等於犧牲自己成全別人也不是要人們透過做出貢獻得到他人的認同讀到這裡我也感到疑惑了那到底怎樣才是貢獻感哲學基說貢獻感是個人主觀的感覺,但我做出貢獻的對象卻是他人呀?做出貢獻後得到他人認同,才會產生""貢獻感""不是嗎?可是這樣不就和哲學家之前講的 ""尋求他人認同等於過著不自由的生活""互相牴觸了嗎?在我反覆讀了好幾次關於貢獻感的部分,並且思考後終於懂了!哲學家對貢獻感的定義 不是行為上的貢獻而是光是 個人""存在""的這點就已經是貢獻了例如: 小嬰兒在行為上對家裡還無法付出任何貢獻但父母親只要小嬰兒好好地活著就十分開心了這就是""存在式的貢獻""那我們為何會覺得自己沒有貢獻感?為何覺得自己的存在和小嬰兒不同,覺得自己必須有行為式貢獻單單只是存在式貢獻還不夠呢?後來我想通了!那就是因為我們沒有接納自己,沒有喜歡自己!認為我們僅僅只有 “存在” 還不值得感受到有貢獻所以覺得必須做些什麼行為上的貢獻才可以哲學家提到""所謂幸福,就是貢獻感""那麼繼續往下推論幸福=貢獻感=存在那個每個應該都是幸福的呀! 因為每個人都""存在""! 不是嗎?關鍵就在於""貢獻感""是自己主觀的感受而要能認為自己是有""貢獻感""的首要條件就是""接納自己""! 認知到自己的存在本身就是一個貢獻了!也就是說 幸福完全是操之在己!由我們自己決定的!只要我們接納自己,喜歡自己就可以是幸福的了!得出這個道理後終於有種 醍醐灌頂的感覺!原來“所謂幸福,就是貢獻感”是這個意思呀!",1
https://www.books.com.tw/booksComment/memberComment/xxx2433004,https://www.books.com.tw/csss/myacc/images/member-avatar-def.png,ella,Lv.3,5,2015/03/31,"首先被書名吸引.讀後有『原來是這樣哦, 我明白了, 豁然開朗』之感.在丫德勒的論述中,我就是那個有把握當下,揮別傷痛,追尋勇氣之人, 此書讓我明白,我具備能讓自己推托的過去(雖然我沒推托), 但我著實長久以來一直很想要一個很有勇氣的自己, 這點有驗證了作者所說的.",0
https://www.books.com.tw/booksComment/memberComment/xxx1378925,https://www.books.com.tw/csss/myacc/images/member-avatar-def.png,swksp,Lv.1,4,2015/03/25,"""一切的煩惱都使起源於人際關係""讀到這句話時真是令我震撼仔細思考，還真的是如此，大概包含了九成吧!這是一本需要反覆咀嚼的書，值得你一讀再讀",0
https://www.books.com.tw/booksComment/memberComment/xxx1378657,https://www.books.com.tw/csss/myacc/images/member-avatar-def.png,Evelyn,Lv.1,5,2015/03/11,本來覺得以對話方式寫成的書可能會枯燥乏味，但一看完第一頁後就被吸引住了。這本書不用一氣呵成讀完，可以分章慢慢看，看完後應該會得到不少啟發。,1
https://www.books.com.tw/booksComment/memberComment/xxx1378458,https://www.books.com.tw/csss/myacc/images/member-avatar-def.png,Natsue,Lv.1,5,2015/02/27,我看過最棒的書之一看完這本書後我改變了工作和對老闆的心態買這本書送給你想幫助的朋友需要一點智慧和勇氣 但絕對能改變他們的生命這絕對是一本要買來放在床頭櫃時時閱讀的書,1
https://www.books.com.tw/booksComment/memberComment/xxx1378434,https://www.books.com.tw/csss/myacc/images/member-avatar-def.png,NOTA,Lv.1,5,2015/02/26,書名引發了興趣，於是下訂。對哲學沒有很大研究，但裡面的論點及講述方式新穎，比較不像一般傳統的勵志書。看的時候感覺自己就像是書中的年輕人，認為自己是被過往束縛、被環境束縛、被..。書中的教授的論點初見時只覺詭異而不常見，然而隨著兩人一來一往的對話，似乎也開始瞭解一些新的道理，也使得自己想法上有些許衝擊與轉變。推薦。,0
https://www.books.com.tw/booksComment/memberComment/xxx1378105,https://www.books.com.tw/csss/myacc/images/member-avatar-def.png,Jennifer Ting,Lv.1,5,2015/02/08,阿德勒是影響心理學的三大巨頭，當初他毅然決然的與弗洛伊德分道揚鏢，透過這本書，讓我覺得我更瞭解阿德勒也更瞭解自己了,0
https://www.books.com.tw/booksComment/memberComment/xxx1378091,https://www.books.com.tw/csss/myacc/images/member-avatar-def.png,阿軒,Lv.1,5,2015/02/07,決定接觸這本書的開始，是先被書名所吸引，『被討厭的勇氣』，這六個字打動了自己心裡深處某些疑問。我們所生活的環境裡，脫離不了與不同的個人、不同的團體共同生活或存在於同一個環境裡，人際關係裡很「自然而然的」就出現了「討厭」和「喜歡」的判斷，但人生的過程中，難道就只能被「討厭」和「喜歡」所侷限了嗎？就只能為了獲得別人的認同而生存下來嗎？這些問題，在書中我得到了解答，而且是非常準確的解答，這也就是『被討厭的勇氣』！別人怎麼看待自己，不完全是我們可以掌控的，那又何必強求自己去迎合別人的期待，自己更應該把握的是「屬於自己的自由」，知道自己要的是什麼，把握每一個當下，只因為，活在當下，更能得到幸福。謝謝岸見先生和古賀先生成為「阿德勒的柏拉圖」，讓我也可以認識到阿德勒的智慧，並且不謀而合的解決了我心裡的困惑、改變了自己的想法，希望接下來能好好把握每一個剎那，跳好每一個舞步，充實每一個當下！,0
https://www.books.com.tw/booksComment/memberComment/xxx2424444,https://www.books.com.tw/csss/myacc/images/member-avatar-def.png,F,Lv.1,5,2015/01/22,自己就是在覺得生命中找不出什麼意義的階段接觸了這本心理學書籍這本書的書名跟內心可望被認同的想法背道而馳更想看看裡面寫了什麼內容原以為是什麼長篇大論看了會覺得無趣的勵志書籍卻是用蘇格拉底與柏拉圖平常的對話方式討論所謂的阿德勒心理學曾經的疑問隨著一頁一頁越來越有共鳴提供的例子可以幫助了解其中的奧妙想要重新思考自我價值的人非常值得一看,0
https://www.books.com.tw/booksComment/memberComment/xxx2415414,https://www.books.com.tw/csss/myacc/images/member-avatar-def.png,小雪,Lv.2,5,2014/12/27,不管讀者是多大又或者是多小的年紀我想 這本書是寫給 想給自己一個機會.改變自己人生的人 必須擁有的一本書 -我非常喜愛閱讀心理方面的書籍 不過 這本書就算對哲學.心理學沒興趣的讀者也都很容易閱讀 書中內容採用老師與學生的對話方式呈現 其對話每一段都非常經典 打開這本書 也開啟了你(妳)尋找幸福的勇氣近年來看過最值得看的書～～強推！,1
https://www.books.com.tw/booksComment/memberComment/xxx2394794,https://www.books.com.tw/csss/myacc/images/member-avatar-def.png,mon key,Lv.2,5,2014/12/22,看完這本書 我沉澱了心靈好一陣子如果在三年多前最徬徨的時候就接觸到它、閱讀其魅力就好了,0
https://www.books.com.tw/booksComment/memberComment/xxx5444940,https://www.books.com.tw/csss/myacc/images/member-avatar-def.png,清和,Lv.3,5,2014/12/21,"內容對話很誠實,很直接,用詞可以說非常客觀阿德勒不單只是心理學家,同時也是個生理上相對有缺陷的戰地醫生有這些經歷,他的人生哲學相對經得起質疑對於自卑的研究,人生面對困難,折磨,生死離別的課題,以及他所謂的""鼓勵""他能夠以精準的文字提出一針見血的觀點使我般對文字挑惕的人,難得可以看到最後我很訝異阿德勒有如此思想居然會默默無名但或許正因如此,他的思想尚未被後人扭曲",2
https://www.books.com.tw/booksComment/memberComment/xxx1376816,https://www.books.com.tw/csss/myacc/images/member-avatar-def.png,書迷,Lv.1,5,2014/12/06,阿德勒是前個世紀的新理大師之前看過他的理論覺得很讚這本書用深入淺出的方式說明他的想法十分的通俗!,0
https://www.books.com.tw/booksComment/memberComment/xxx1404807,https://www.books.com.tw/csss/myacc/images/member-avatar-def.png,【Train Your Brain&amp; Train Your Body】,Lv.2,5,2014/11/26,神書。從目的論到人一切的煩惱一切得一且都可以讓人更回頭思考，活到至今的所有人生每翻兩頁總是又會翻回去前面找尋之間有類似的共通點真的是一本很棒的書!,0
https://www.books.com.tw/booksComment/memberComment/xxx1376650,https://www.books.com.tw/csss/myacc/images/member-avatar-def.png,RITA,Lv.1,5,2014/11/24,"看完“被討厭的勇氣：自我啟發之父「阿德勒」的教導 ”這本書、讓我很震撼,有很大的感觸～“被討厭的勇氣”在書中只是佔了小小的一部分、實在不足以代表本書所以傳達的理念～透過書中的教導去執行、你可以很輕鬆自在的面對所以複雜的人際關係、並真實的做自己.....書中的內容淺顯易懂,看完後讓人變得有勇氣去面對接下來的人生~是值得推薦的 一本好書~",0
https://www.books.com.tw/booksComment/memberComment/xxx3456641,https://www.books.com.tw/csss/myacc/images/member-avatar-def.png,Alvin,Lv.2,5,2014/11/23,讀完這本書 改變過去好幾個月的自我封閉狀態 我讀了很多自我成長的書 但想法只是暫時被激勵了一下又恢復原狀。這本書比較像是解開心中的鬱悶的結 引導你如何接受目前的你 然後再慢慢地向前跨出 而非虛假地自我肯定 我讀完之後跨出佇足許久的第一步 希望有緣能讀到這本書的讀者也能 一起加油,0
https://www.books.com.tw/booksComment/memberComment/xxx1376628,https://www.books.com.tw/csss/myacc/images/member-avatar-def.png,lawrence,Lv.1,5,2014/11/22,我覺得這本書一針見血的點出許多人在社會上的處境，有些人看了或許會激起反彈，但是事後想想，或許因為這樣也才能更加了解自己並改變。 這本書如老師一般，引領讀者思索自己終其一生從未思索的問題並大步向前，是一本值得收藏的好書。,1
https://www.books.com.tw/booksComment/memberComment/xxx1376580,https://www.books.com.tw/csss/myacc/images/member-avatar-def.png,紫色幸福,Lv.1,3,2014/11/19,《被討厭的勇氣》是一部心靈作品的小說，以一位憤世嫉俗的年輕人來到哲學家的小屋，決心前來推翻哲學家所主張的「世界無比單純，人人都能幸運」的謬論而展開精彩的論辯對話。書中哲學家提出的許多阿德勒心理學的論點，很值得深思，反覆咀嚼，因為大部份的時候，我們就像年輕人一樣，在與哲學家的對談中，不斷地檢視和推翻自己既有的想法，時而疑惑，時而頓悟，而過去的生活經驗也在此時一一浮現，有驗證，也有感慨，甚至連結起那些長期累積的已知觀念，真理的答案不在持續地外尋，而在於自己的逐一驗證與深思。也感謝這本書的譯者葉小燕小姐和編輯們，因為在這樣充滿看似吊詭，實則隱含真理的文字箴言行句間，能夠精準地譯出真意，不得不讓人敬佩，只要語意梢有差池，可能就會讓讀者更陷入疑惑的黑洞中，謝謝您們的用心!,0
https://www.books.com.tw/booksComment/memberComment/xxx1379983,https://www.books.com.tw/csss/myacc/images/member-avatar-def.png,Fortunée,Lv.3,5,2014/11/09,這本書真的很棒解答了我人生的很多煩惱別人怎麼看待我是別人的課題書裡的內容讓我豁然開朗很值得收藏的書,0
https://www.books.com.tw/booksComment/memberComment/xxx1376339,https://www.books.com.tw/csss/myacc/images/member-avatar-def.png,芮斯,Lv.1,5,2014/11/02,剛收到書時心奮的感覺讓我花了整個夜晚的時間在閱讀書中巧妙的以對話的方式呈現，年輕人與學者間對對話引領我們去找答案，讀者不禁會將自己成為書中年輕人的角色去探究自我。阿德勒的哲學離我們很近，給購買下這本書的朋友～這本書分了很多章節，會慢慢帶領我們去理解建議每看完一章節請思考一下裡面的論點，再接下去看下一章～ 會發現收穫很多的 ^^ ！,1